date,game_pk,home_team,away_team,home_sp,away_sp,l1_xgb_raw,l1_cal,l2_stacker,team_log_odds,rolling_tie,home_form,away_form,f5_home_runs,f5_away_runs,f5_tie,actual_win
2026-03-25,823244,SF,NYY,LOGAN WEBB,MAX FRIED,0.4148,0.4014,0.3207,-1.7342,0.2083,0.0,0.0,0.0,7.0,0,0
2026-03-26,824218,HOU,LAA,HUNTER BROWN,JOSÉ SORIANO,0.6603,0.6638,0.6014,-0.0468,0.2041,0.0,0.0,0.0,0.0,1,0
2026-03-26,823649,NYM,PIT,FREDDY PERALTA,PAUL SKENES,0.8452,0.8167,0.8553,2.2573,0.2041,0.0,0.0,9.0,4.0,0,1
2026-03-26,823974,LAD,AZ,YOSHINOBU YAMAMOTO,ZAC GALLEN,0.871,0.8331,0.874,2.4245,0.2041,0.0,0.0,4.0,2.0,0,1
2026-03-26,824865,BAL,MIN,TREVOR ROGERS,JOE RYAN,0.7446,0.7411,0.7304,1.0531,0.2041,0.0,0.0,0.0,0.0,1,0
2026-03-26,823486,PHI,TEX,CRISTOPHER SÁNCHEZ,NATHAN EOVALDI,0.7668,0.7594,0.7386,0.9475,0.2041,0.0,0.0,5.0,0.0,0,1
2026-03-26,824541,CIN,BOS,ANDREW ABBOTT,GARRETT CROCHET,0.72,0.7198,0.5872,-0.2978,0.2041,0.0,0.0,0.0,0.0,1,0
2026-03-26,823325,SD,DET,NICK PIVETTA,TARIK SKUBAL,0.4486,0.4375,0.3579,-1.4315,0.2041,0.0,0.0,0.0,8.0,0,0
2026-03-26,824704,CHC,WSH,MATTHEW BOYD,CADE CAVALLI,0.6476,0.6513,0.6523,0.6605,0.2041,0.0,0.0,3.0,7.0,0,0
2026-03-26,823812,MIL,CWS,JACOB MISIOROWSKI,SHANE SMITH,0.9056,0.8533,0.8917,2.4787,0.2041,0.0,0.0,8.0,1.0,0,1
2026-03-26,823163,SEA,CLE,LOGAN GILBERT,TANNER BIBEE,0.844,0.816,0.8316,1.8153,0.2041,0.0,0.0,3.0,3.0,1,0
2026-03-26,823081,STL,TB,MATTHEW LIBERATORE,DREW RASMUSSEN,0.731,0.7295,0.5722,-0.9008,0.2041,0.0,0.0,1.0,1.0,1,0
2026-03-27,824946,ATL,KC,CHRIS SALE,COLE RAGANS,0.8353,0.8101,0.8274,2.1512,0.25,0.0,0.0,4.0,0.0,0,1
2026-03-27,823243,SF,NYY,ROBBIE RAY,CAM SCHLITTLER,0.7874,0.7755,0.632,-0.5924,0.25,0.0,1.3857,0.0,0.0,1,0
2026-03-27,824216,HOU,LAA,MIKE BURROWS,YUSEI KIKUCHI,0.507,0.5014,0.5504,0.4226,0.25,0.0,0.0,2.0,5.0,0,0
2026-03-27,823162,SEA,CLE,GEORGE KIRBY,GAVIN WILLIAMS,0.8469,0.8179,0.8609,2.4356,0.25,0.0,1.2002,3.0,1.0,0,1
2026-03-27,822839,TOR,ATH,KEVIN GAUSMAN,LUIS SEVERINO,0.8557,0.8236,0.8479,2.0136,0.25,0.0,0.0,2.0,1.0,0,1
2026-03-27,823324,SD,DET,MICHAEL KING,FRAMBER VALDEZ,0.751,0.7464,0.7321,1.241,0.25,0.0,0.0,1.0,0.0,0,1
2026-03-27,823893,MIA,COL,SANDY ALCANTARA,KYLE FREELAND,0.8118,0.7937,0.8294,2.2193,0.25,0.0,0.0,2.0,1.0,0,1
2026-03-27,823971,LAD,AZ,EMMET SHEEHAN,RYNE NELSON,0.6695,0.6729,0.6099,-0.1744,0.25,-0.0391,-0.1609,4.0,4.0,1,0
2026-03-28,822838,TOR,ATH,DYLAN CEASE,JEFFREY SPRINGS,0.6246,0.628,0.6714,1.1476,0.25,0.0,0.0,1.0,0.0,0,1
2026-03-28,824701,CHC,WSH,CADE HORTON,MILES MIKOLAS,0.8176,0.7979,0.8145,1.7307,0.25,0.208,0.0,6.0,2.0,0,1
2026-03-28,823811,MIL,CWS,CHAD PATRICK,SEAN BURKE,0.6411,0.6447,0.6966,1.2717,0.25,1.8307,0.0,4.0,1.0,0,1
2026-03-28,823241,SF,NYY,TYLER MAHLE,WILL WARREN,0.2646,0.2571,0.2854,-1.157,0.25,0.0,1.1535,1.0,3.0,0,0
2026-03-28,823082,STL,TB,MICHAEL MCGREEVY,JOE BOYLE,0.6809,0.6838,0.6448,0.4279,0.25,0.0,-1.2592,2.0,0.0,0,1
2026-03-28,823892,MIA,COL,EURY PÉREZ,MICHAEL LORENZEN,0.6975,0.6994,0.654,0.2678,0.25,0.0,0.2114,3.0,3.0,1,0
2026-03-28,823323,SD,DET,RANDY VÁSQUEZ,JACK FLAHERTY,0.8146,0.7957,0.8022,1.6637,0.25,-2.0932,0.4932,3.0,0.0,0,1
2026-03-28,824540,CIN,BOS,BRADY SINGER,SONNY GRAY,0.8555,0.8234,0.7968,1.1998,0.25,-1.5519,-2.0481,5.0,3.0,0,1
2026-03-28,824862,BAL,MIN,KYLE BRADISH,TAJ BRADLEY,0.3237,0.3098,0.3164,-1.4264,0.25,0.0,1.3876,1.0,3.0,0,0
2026-03-28,823973,LAD,AZ,TYLER GLASNOW,EDUARDO RODRIGUEZ,0.3863,0.3716,0.3857,-0.8212,0.25,-0.0627,-0.104,0.0,2.0,0,0
2026-03-28,823161,SEA,CLE,BRYAN WOO,JOEY CANTILLO,0.8312,0.8074,0.8627,2.89,0.25,0.9951,0.6708,2.0,0.0,0,1
2026-03-28,824945,ATL,KC,REYNALDO LÓPEZ,MICHAEL WACHA,0.7924,0.7794,0.7063,0.4537,0.25,2.0119,0.0,0.0,0.0,1,0
2026-03-28,823488,PHI,TEX,AARON NOLA,JACOB LATZ,0.2661,0.2584,0.2307,-2.046,0.25,0.0,0.0,0.0,3.0,0,0
2026-03-28,824213,HOU,LAA,CRISTIAN JAVIER,REID DETMERS,0.2066,0.2115,0.1549,-2.9892,0.25,0.0,1.0258,3.0,6.0,0,0
2026-03-28,823651,NYM,PIT,DAVID PETERSON,MITCH KELLER,0.8427,0.8151,0.736,0.1513,0.25,0.0,0.0,0.0,0.0,1,0
2026-03-29,823079,STL,TB,DUSTIN MAY,STEVEN MATZ,0.43,0.4175,0.3862,-1.0663,0.241,0.0,-1.3901,4.0,6.0,0,0
2026-03-29,823810,MIL,CWS,BRANDON SPROAT,ANTHONY KAY,0.4968,0.4902,0.4044,-1.4754,0.241,2.0061,-2.6074,2.0,7.0,0,0
2026-03-29,823891,MIA,COL,MAX MEYER,JOSE QUINTANA,0.2734,0.2646,0.305,-1.0825,0.241,0.0,0.2254,2.0,3.0,0,0
2026-03-29,823487,PHI,TEX,JESÚS LUZARDO,MACKENZIE GORE,0.284,0.2738,0.2552,-1.7338,0.241,-0.4273,0.2273,0.0,5.0,0,0
2026-03-29,824215,HOU,LAA,TATSUYA IMAI,JACK KOCHANOWICZ,0.7604,0.7542,0.7382,0.663,0.241,-0.8458,1.3715,6.0,6.0,1,0
2026-03-29,824700,CHC,WSH,SHOTA IMANAGA,JAKE IRVIN,0.5223,0.5183,0.5216,-0.1366,0.241,0.8086,-0.3703,2.0,3.0,0,0
2026-03-29,824944,ATL,KC,GRANT HOLMES,SETH LUGO,0.269,0.2608,0.3026,-1.0512,0.241,1.7271,-2.4726,0.0,3.0,0,0
2026-03-29,823160,SEA,CLE,EMERSON HANCOCK,SLADE CECCONI,0.8141,0.7954,0.8412,2.2733,0.241,1.1421,0.3067,6.0,0.0,0,1
2026-03-29,822837,TOR,ATH,ERIC LAUER,LUIS MORALES,0.6333,0.6368,0.7216,1.744,0.241,0.0,0.2469,5.0,2.0,0,1
2026-03-29,824538,CIN,BOS,RHETT LOWDER,CONNELLY EARLY,0.496,0.4893,0.4393,-0.5903,0.241,-0.9508,-2.0492,0.0,2.0,0,0
2026-03-29,824864,BAL,MIN,SHANE BAZ,BAILEY OBER,0.3804,0.3656,0.3728,-0.9947,0.241,-0.227,1.5225,3.0,4.0,0,0
2026-03-29,823647,NYM,PIT,NOLAN MCLEAN,CARMEN MLODZINSKI,0.8355,0.8103,0.7694,0.7685,0.241,0.7895,-0.5895,2.0,2.0,1,0
2026-03-30,824135,KC,MIN,KRIS BUBIC,SIMEON WOODS RICHARDSON,0.8451,0.8167,0.8425,2.144,0.2316,-1.5451,1.4512,2.0,1.0,0,1
2026-03-30,823890,MIA,CWS,CHRIS PADDACK,DAVIS MARTIN,0.4666,0.4571,0.4756,-0.215,0.2316,-0.6778,-1.5073,3.0,8.0,0,0
2026-03-30,823972,LAD,CLE,ROKI SASAKI,PARKER MESSICK,0.2746,0.2656,0.2249,-2.0922,0.2316,-0.3724,-0.2281,0.0,1.0,0,0
2026-03-30,824214,HOU,BOS,LANCE MCCULLERS JR.,RANGER SUAREZ,0.8639,0.8288,0.837,1.8821,0.2316,-0.7497,-1.5141,4.0,0.0,0,1
2026-03-30,823320,SD,SF,WALKER BUEHLER,LANDEN ROUPP,0.315,0.3017,0.2487,-2.2376,0.2316,-1.2317,-0.0,0.0,3.0,0,0
2026-03-30,823484,PHI,WSH,TAIJUAN WALKER,FOSTER GRIFFIN,0.4712,0.4621,0.4441,-0.7179,0.2316,-1.0811,-0.1332,2.0,7.0,0,0
2026-03-30,823809,MIL,TB,KYLE HARRISON,NICK MARTINEZ,0.4718,0.4628,0.3907,-1.382,0.2316,1.1491,-0.9587,0.0,1.0,0,0
2026-03-30,824539,CIN,PIT,CHASE BURNS,BRAXTON ASHCRAFT,0.7861,0.7746,0.7562,0.8937,0.2316,-1.0573,-0.5062,2.0,0.0,0,1
2026-03-30,825108,AZ,DET,MICHAEL SOROKA,JUSTIN VERLANDER,0.8524,0.8215,0.8705,2.7082,0.2316,0.2296,-0.1016,8.0,0.0,0,1
2026-03-30,824943,ATL,ATH,BRYCE ELDER,JACOB LOPEZ,0.7983,0.7838,0.8212,2.2475,0.2316,1.0387,-0.2989,3.0,0.0,0,1
2026-03-30,824702,CHC,LAA,EDWARD CABRERA,RYAN JOHNSON,0.8009,0.7857,0.8211,1.8605,0.2316,0.5428,1.214,6.0,0.0,0,1
2026-03-30,822834,TOR,COL,CODY PONCE,TOMOYUKI SUGANO,0.5273,0.5237,0.5552,-0.126,0.2316,1.3587,0.3413,1.0,2.0,0,0
2026-03-30,824863,BAL,TEX,CHRIS BASSITT,JACK LEITER,0.3546,0.3396,0.3049,-1.6298,0.2316,-0.3597,0.9144,2.0,4.0,0,0
2026-03-30,823080,STL,NYM,KYLE LEAHY,CLAY HOLMES,0.2839,0.2736,0.238,-2.2597,0.2316,0.3422,0.6729,1.0,2.0,0,0
2026-03-30,823159,SEA,NYY,LUIS CASTILLO,RYAN WEATHERS,0.6834,0.6862,0.7121,1.4336,0.2316,1.5464,1.2865,1.0,0.0,0,1
2026-03-31,823077,STL,NYM,ANDRE PALLANTE,KODAI SENGA,0.7726,0.7641,0.6872,0.2122,0.2,0.1413,0.7001,2.0,0.0,0,1
2026-03-31,824861,BAL,TEX,ZACH EFLIN,JACOB DEGROM,0.6929,0.6951,0.5523,-0.747,0.2,-0.5851,1.0606,3.0,3.0,1,0
2026-03-31,824537,CIN,PIT,BRANDON WILLIAMSON,BUBBA CHANDLER,0.3419,0.3272,0.3001,-1.6548,0.2,-0.7046,-0.686,1.0,6.0,0,0
2026-03-31,823485,PHI,WSH,ANDREW PAINTER,PJ POULIN,0.7489,0.7447,0.7249,0.5322,0.2,-1.4842,0.4434,3.0,0.0,0,1
2026-03-31,823158,SEA,NYY,LOGAN GILBERT,MAX FRIED,0.372,0.357,0.3631,-0.9444,0.2,1.4521,1.0267,0.0,2.0,0,0
2026-03-31,824212,HOU,BOS,HUNTER BROWN,BRAYAN BELLO,0.8999,0.8501,0.9321,3.8969,0.2,-0.0332,-1.8581,6.0,1.0,0,1
2026-03-31,822836,TOR,COL,MAX SCHERZER,RYAN FELTNER,0.787,0.7752,0.8121,2.0387,0.2,0.9263,0.4531,2.0,0.0,0,1
2026-03-31,823969,LAD,CLE,SHOHEI OHTANI,TANNER BIBEE,0.8563,0.824,0.8685,2.4542,0.2,-0.4079,-0.1298,1.0,0.0,0,1
2026-03-31,823807,MIL,TB,BRANDON WOODRUFF,SHANE MCCLANAHAN,0.7523,0.7476,0.7536,1.3152,0.2,0.8735,-0.7069,3.0,2.0,0,1
2026-03-31,823888,MIA,CWS,JANSON JUNK,ERICK FEDDE,0.6364,0.64,0.6141,0.2345,0.2,-1.2118,-0.7374,4.0,2.0,0,1
2026-03-31,824942,ATL,ATH,JOSÉ SUAREZ,AARON CIVALE,0.2336,0.2319,0.2883,-0.9647,0.2,1.2816,-0.6822,2.0,5.0,0,0
2026-03-31,823322,SD,SF,GERMÁN MÁRQUEZ,LOGAN WEBB,0.1805,0.1929,0.194,-1.9148,0.2,-1.4859,0.2011,3.0,4.0,0,0
2026-03-31,825107,AZ,DET,BRANDON PFAADT,CASEY MIZE,0.4119,0.3983,0.4136,-0.6249,0.2,0.7148,-0.6745,1.0,5.0,0,0
2026-03-31,824699,CHC,LAA,JAMESON TAILLON,JOSÉ SORIANO,0.7714,0.7631,0.5901,-0.9557,0.2,0.9263,0.6109,0.0,0.0,1,0
2026-04-01,823321,SD,SF,NICK PIVETTA,ADRIAN HOUSER,0.8375,0.8116,0.8764,2.9834,0.1935,-1.4101,0.3141,2.0,0.0,0,1
2026-04-01,824940,ATL,ATH,CHRIS SALE,LUIS SEVERINO,0.7486,0.7445,0.8027,2.1863,0.1935,0.811,-0.2277,5.0,1.0,0,1
2026-04-01,824211,HOU,BOS,MIKE BURROWS,GARRETT CROCHET,0.8561,0.8238,0.8444,2.1381,0.1935,0.4218,-2.0524,5.0,2.0,0,1
2026-04-01,824136,KC,MIN,NOAH CAMERON,JOE RYAN,0.7795,0.7694,0.78,1.6923,0.1935,-1.1649,1.1302,5.0,1.0,0,1
2026-04-01,822835,TOR,COL,KEVIN GAUSMAN,KYLE FREELAND,0.6741,0.6773,0.6889,0.9035,0.1935,1.1214,0.1481,1.0,0.0,0,1
2026-04-01,823483,PHI,WSH,CRISTOPHER SÁNCHEZ,CADE CAVALLI,0.8386,0.8123,0.7491,0.2611,0.1935,-0.9246,0.0138,1.0,1.0,1,0
2026-04-01,823970,LAD,CLE,YOSHINOBU YAMAMOTO,GAVIN WILLIAMS,0.391,0.3764,0.3224,-1.7639,0.1935,-0.3037,-0.1698,0.0,2.0,0,0
2026-04-01,824536,CIN,PIT,ANDREW ABBOTT,PAUL SKENES,0.4605,0.4505,0.2884,-2.5297,0.1935,-1.0606,-0.1116,1.0,3.0,0,0
2026-04-01,824698,CHC,LAA,MATTHEW BOYD,YUSEI KIKUCHI,0.9091,0.8551,0.9312,3.9988,0.1935,0.8303,0.5361,5.0,0.0,0,1
2026-04-01,823806,MIL,TB,JACOB MISIOROWSKI,DREW RASMUSSEN,0.8383,0.8122,0.7634,0.5701,0.1935,0.8418,-0.6937,2.0,2.0,1,0
2026-04-01,823157,SEA,NYY,GEORGE KIRBY,CAM SCHLITTLER,0.3091,0.2963,0.4131,0.2045,0.1935,1.0344,1.169,0.0,1.0,0,0
2026-04-01,823889,MIA,CWS,SANDY ALCANTARA,SHANE SMITH,0.9009,0.8507,0.8997,2.6893,0.1935,-0.7668,-0.8832,8.0,0.0,0,1
2026-04-01,825106,AZ,DET,ZAC GALLEN,TARIK SKUBAL,0.7245,0.7237,0.7129,1.3352,0.1935,0.1893,-0.0883,1.0,0.0,0,1
2026-04-01,823078,STL,NYM,MATTHEW LIBERATORE,FREDDY PERALTA,0.7511,0.7466,0.6191,-0.4538,0.1935,0.4071,0.3623,0.0,0.0,1,0
2026-04-01,824860,BAL,TEX,TREVOR ROGERS,NATHAN EOVALDI,0.8581,0.8251,0.8493,2.1172,0.1935,-0.4969,0.9129,7.0,2.0,0,1
2026-04-02,825105,AZ,ATL,RYNE NELSON,REYNALDO LÓPEZ,0.3533,0.3383,0.3427,-1.1052,0.1942,0.3393,1.1392,1.0,10.0,0,0
2026-04-02,824133,KC,MIN,COLE RAGANS,TAJ BRADLEY,0.2268,0.2266,0.1898,-2.3874,0.1942,-0.4608,0.5082,0.0,1.0,0,0
2026-04-02,823242,SF,NYM,ROBBIE RAY,DAVID PETERSON,0.7437,0.7403,0.7281,1.2604,0.1942,-0.0607,0.3054,6.0,2.0,0,1
2026-04-03,823240,SF,NYM,TYLER MAHLE,NOLAN MCLEAN,0.3376,0.3231,0.2464,-2.2813,0.1901,0.4461,-0.1245,0.0,5.0,0,0
2026-04-03,825103,AZ,ATL,EDUARDO RODRIGUEZ,GRANT HOLMES,0.7527,0.7479,0.6803,0.2403,0.1901,-0.0287,1.3728,0.0,0.0,1,0
2026-04-03,822758,WSH,LAD,MILES MIKOLAS,EMMET SHEEHAN,0.3177,0.3042,0.231,-2.4844,0.1901,0.0537,-0.4909,4.0,11.0,0,0
2026-04-03,823568,NYY,MIA,WILL WARREN,EURY PÉREZ,0.8034,0.7876,0.781,1.3836,0.1901,1.1136,-0.2233,4.0,2.0,0,1
2026-04-03,822919,TEX,CIN,MACKENZIE GORE,BRADY SINGER,0.8461,0.8174,0.8153,1.3924,0.1901,0.3531,-1.1502,2.0,2.0,1,0
2026-04-03,823732,MIN,TB,BAILEY OBER,JOE BOYLE,0.682,0.6848,0.6414,0.4254,0.1901,0.5193,-0.628,3.0,3.0,1,0
2026-04-03,824056,LAA,SEA,REID DETMERS,BRYAN WOO,0.8494,0.8195,0.7405,0.0904,0.1901,0.0515,0.8695,0.0,0.0,1,0
2026-04-03,825026,ATH,HOU,JEFFREY SPRINGS,CRISTIAN JAVIER,0.8601,0.8263,0.8787,2.7148,0.1901,-0.6572,0.729,11.0,1.0,0,1
2026-04-03,824299,DET,STL,FRAMBER VALDEZ,MICHAEL MCGREEVY,0.812,0.7938,0.8116,1.7578,0.1901,-0.2662,0.375,3.0,0.0,0,1
2026-04-03,823406,PIT,BAL,MITCH KELLER,KYLE BRADISH,0.6404,0.644,0.6642,0.8928,0.1901,0.1182,0.0167,5.0,2.0,0,1
2026-04-03,824621,CWS,TOR,GRANT TAYLOR,DYLAN CEASE,0.7016,0.7032,0.7495,1.4168,0.1901,-1.183,1.0486,3.0,1.0,0,1
2026-04-03,824786,BOS,SD,SONNY GRAY,MICHAEL KING,0.8112,0.7933,0.7008,0.07,0.1901,-2.1658,-0.9968,2.0,2.0,1,0
2026-04-03,824377,COL,PHI,MICHAEL LORENZEN,AARON NOLA,0.1802,0.1927,0.1608,-2.6183,0.1901,0.0794,-0.8632,1.0,10.0,0,0
2026-04-03,824458,CLE,CHC,JOEY CANTILLO,CADE HORTON,0.7547,0.7495,0.7428,1.0537,0.1901,0.0433,1.1782,1.0,1.0,1,0
2026-04-04,825027,ATH,HOU,LUIS MORALES,TATSUYA IMAI,0.2966,0.2849,0.2807,-1.6608,0.2115,-0.2115,0.2762,0.0,7.0,0,0
2026-04-04,823730,MIN,TB,MICK ABEL,STEVEN MATZ,0.5059,0.5003,0.5071,-0.0565,0.2115,0.4951,-0.5939,1.0,6.0,0,0
2026-04-04,822757,WSH,LAD,JAKE IRVIN,TYLER GLASNOW,0.3498,0.3349,0.2734,-2.0179,0.2115,-0.3807,-0.0563,2.0,9.0,0,0
2026-04-04,823404,PIT,BAL,CARMEN MLODZINSKI,SHANE BAZ,0.3684,0.3534,0.3599,-1.1275,0.2115,0.3983,-0.277,1.0,2.0,0,0
2026-04-04,823239,SF,NYM,LANDEN ROUPP,CLAY HOLMES,0.2464,0.2421,0.2623,-1.5205,0.2115,-0.011,0.2202,0.0,8.0,0,0
2026-04-04,824132,KC,MIL,LUINDER AVILA,CHAD PATRICK,0.5149,0.5102,0.5043,-0.5325,0.2115,-0.4784,0.7613,0.0,5.0,0,0
2026-04-04,824622,CWS,TOR,GRANT TAYLOR,MASON FLUHARTY,0.6465,0.6502,0.7376,1.5776,0.2115,-0.8442,0.6871,1.0,0.0,0,1
2026-04-04,824134,KC,MIL,SETH LUGO,LOGAN HENDERSON,0.7241,0.7234,0.6873,0.5846,0.2115,-0.4784,0.7613,2.0,2.0,1,0
2026-04-04,825104,AZ,ATL,MICHAEL SOROKA,BRYCE ELDER,0.6293,0.6328,0.6864,1.2886,0.2115,-0.0097,1.2417,2.0,1.0,0,1
2026-04-04,824054,LAA,SEA,JACK KOCHANOWICZ,EMERSON HANCOCK,0.7662,0.7589,0.7952,2.2264,0.2115,0.0435,0.7937,1.0,0.0,0,1
2026-04-04,824782,BOS,SD,CONNELLY EARLY,RANDY VÁSQUEZ,0.4917,0.4847,0.3949,-1.3895,0.2115,-1.9413,-0.9275,1.0,2.0,0,0
2026-04-04,824378,COL,PHI,BRENNAN BERNARDINO,JESÚS LUZARDO,0.2745,0.2656,0.3409,-0.7445,0.2115,-0.2879,-0.3808,1.0,2.0,0,0
2026-04-04,824295,DET,STL,JACK FLAHERTY,DUSTIN MAY,0.6793,0.6822,0.7122,1.3415,0.2115,0.0382,0.0247,8.0,6.0,0,1
2026-04-04,822920,TEX,CIN,KUMAR ROCKER,RHETT LOWDER,0.3993,0.385,0.4311,-0.2565,0.2115,0.2797,-1.0111,0.0,2.0,0,0
2026-04-04,823569,NYY,MIA,RYAN WEATHERS,MAX MEYER,0.4343,0.4221,0.4665,-0.2862,0.2115,1.1869,-0.4118,2.0,4.0,0,0
2026-04-05,824379,COL,PHI,TOMOYUKI SUGANO,TAIJUAN WALKER,0.7652,0.7581,0.7631,1.3524,0.1988,-0.3299,-0.2742,4.0,1.0,0,1
2026-04-05,825102,AZ,ATL,BRANDON PFAADT,MARTÍN PÉREZ,0.7183,0.7183,0.6564,0.4389,0.1988,0.0875,1.0498,3.0,3.0,1,0
2026-04-05,824460,CLE,CHC,PARKER MESSICK,SHOTA IMANAGA,0.4165,0.4031,0.2952,-2.0581,0.1988,0.052,1.0577,0.0,1.0,0,0
2026-04-05,823729,MIN,TB,SIMEON WOODS RICHARDSON,NICK MARTINEZ,0.8052,0.7889,0.7202,0.3397,0.1988,0.1301,-0.2208,1.0,1.0,1,0
2026-04-05,824781,BOS,SD,RANGER SUAREZ,WALKER BUEHLER,0.4058,0.3918,0.3966,-0.856,0.1988,-1.8411,-0.776,4.0,6.0,0,0
2026-04-05,824459,CLE,CHC,SLADE CECCONI,EDWARD CABRERA,0.7365,0.7342,0.626,-0.1146,0.1988,0.052,1.0577,0.0,0.0,1,0
2026-04-05,824296,DET,STL,KEIDER MONTERO,KYLE LEAHY,0.3677,0.3527,0.5071,0.6069,0.1988,0.2276,-0.19,2.0,4.0,0,0
2026-04-05,824053,LAA,SEA,GEORGE KLASSEN,LUIS CASTILLO,0.7155,0.7158,0.7811,1.8331,0.1988,0.1742,0.5933,6.0,5.0,0,1
2026-04-05,824131,KC,MIL,KRIS BUBIC,KYLE HARRISON,0.5052,0.4995,0.4127,-0.8343,0.1988,-0.7199,0.9356,2.0,4.0,0,0
2026-04-05,825025,ATH,HOU,JACOB LOPEZ,LANCE MCCULLERS JR.,0.8108,0.793,0.8376,2.4938,0.1988,-0.5284,0.5872,5.0,3.0,0,1
2026-04-05,823405,PIT,BAL,BRAXTON ASHCRAFT,CHRIS BASSITT,0.8437,0.8158,0.8746,2.849,0.1988,0.2485,-0.1382,6.0,1.0,0,1
2026-04-05,822917,TEX,CIN,JACK LEITER,CHASE BURNS,0.2691,0.2609,0.186,-2.8966,0.1988,0.1071,-0.7919,0.0,1.0,0,0
2026-04-05,823566,NYY,MIA,MAX FRIED,PETE FAIRBANKS,0.9008,0.8506,0.9025,2.7877,0.1988,0.9028,-0.1484,4.0,2.0,0,1
2026-04-05,824620,CWS,TOR,DAVIS MARTIN,ERIC LAUER,0.9164,0.8591,0.935,4.2226,0.1988,-0.6757,0.5175,3.0,0.0,0,1
2026-04-05,822756,WSH,LAD,FOSTER GRIFFIN,ROKI SASAKI,0.8472,0.8181,0.8791,2.569,0.1988,-0.6884,0.2623,6.0,1.0,0,1
2026-04-05,823238,SF,NYM,LOGAN WEBB,KODAI SENGA,0.2404,0.2373,0.2716,-1.1627,0.1988,-0.4487,0.5676,0.0,1.0,0,0
2026-04-06,823237,SF,PHI,ADRIAN HOUSER,ANDREW PAINTER,0.7098,0.7106,0.7335,1.5209,0.1979,-0.4799,-0.4921,4.0,2.0,0,1
2026-04-06,823886,MIA,CIN,JANSON JUNK,BRANDON WILLIAMSON,0.3739,0.3589,0.3496,-1.3038,0.1979,-0.3006,-0.6667,0.0,1.0,0,0
2026-04-06,824619,CWS,BAL,GRANT TAYLOR,BRANDON YOUNG,0.4555,0.445,0.4686,-0.5904,0.1979,-0.3183,-0.4508,0.0,1.0,0,0
2026-04-06,822755,WSH,STL,ZACK LITTELL,ANDRE PALLANTE,0.6086,0.6114,0.59,0.2356,0.1979,-0.2764,0.032,2.0,1.0,0,1
2026-04-06,823002,TB,CHC,SHANE MCCLANAHAN,JAMESON TAILLON,0.5494,0.548,0.5806,0.3578,0.1979,-0.1887,0.9377,4.0,2.0,0,1
2026-04-06,823728,MIN,DET,JOE RYAN,CASEY MIZE,0.8288,0.8057,0.8014,1.4557,0.1979,0.1051,0.021,5.0,3.0,0,1
2026-04-06,822832,TOR,LAD,MAX SCHERZER,JUSTIN WROBLESKI,0.2282,0.2278,0.3135,-0.8273,0.1979,0.142,-0.0853,1.0,6.0,0,0
2026-04-06,824052,LAA,ATL,JOSÉ SORIANO,CHRIS SALE,0.8469,0.8178,0.839,2.1729,0.1979,0.277,0.9805,6.0,1.0,0,1
2026-04-06,824456,CLE,KC,TANNER BIBEE,MICHAEL WACHA,0.7701,0.7621,0.6038,-0.7164,0.1979,0.0049,-0.7939,1.0,1.0,1,0
2026-04-06,824783,BOS,MIL,BRAYAN BELLO,BRANDON WOODRUFF,0.7488,0.7446,0.6062,-0.4238,0.1979,-1.8436,0.9873,5.0,5.0,1,0
2026-04-06,822918,TEX,SEA,JACOB DEGROM,LOGAN GILBERT,0.7424,0.7393,0.7032,0.6862,0.1979,0.0285,0.4315,1.0,1.0,1,0
2026-04-06,824376,COL,HOU,RYAN FELTNER,CODY BOLTON,0.7439,0.7405,0.7317,1.1302,0.1979,-0.0823,0.3654,8.0,3.0,0,1
2026-04-06,823401,PIT,SD,BUBBA CHANDLER,GERMÁN MÁRQUEZ,0.3773,0.3624,0.429,-0.3207,0.1979,0.552,-0.5552,0.0,3.0,0,0
2026-04-07,824051,LAA,ATL,YUSEI KIKUCHI,REYNALDO LÓPEZ,0.2886,0.2778,0.2566,-1.9002,0.2,0.5487,0.643,2.0,4.0,0,0
2026-04-07,824375,COL,HOU,KYLE FREELAND,MIKE BURROWS,0.7564,0.7509,0.7753,1.7317,0.2,0.2005,0.0391,3.0,1.0,0,1
2026-04-07,824457,CLE,KC,GAVIN WILLIAMS,NOAH CAMERON,0.8368,0.8112,0.7584,0.6955,0.2,0.046,-0.7806,1.0,1.0,1,0
2026-04-07,824618,CWS,BAL,SHANE SMITH,TREVOR ROGERS,0.6461,0.6498,0.6952,1.5052,0.2,-0.3702,-0.3398,2.0,1.0,0,1
2026-04-07,824780,BOS,MIL,GARRETT CROCHET,JACOB MISIOROWSKI,0.6985,0.7003,0.4476,-2.0823,0.2,-1.6784,0.8832,0.0,0.0,1,0
2026-04-07,823887,MIA,CIN,SANDY ALCANTARA,ANDREW ABBOTT,0.8452,0.8167,0.8152,1.5001,0.2,-0.4141,-0.5002,2.0,0.0,0,1
2026-04-07,823567,NYY,ATH,CAM SCHLITTLER,AARON CIVALE,0.444,0.4326,0.4058,-1.1268,0.2,0.9735,-0.3115,1.0,3.0,0,0
2026-04-07,823235,SF,PHI,ROBBIE RAY,CRISTOPHER SÁNCHEZ,0.746,0.7423,0.7574,1.8735,0.2,-0.2417,-0.6372,3.0,0.0,0,1
2026-04-07,823402,PIT,SD,PAUL SKENES,NICK PIVETTA,0.8237,0.8021,0.7587,0.7229,0.2,0.2701,-0.2731,2.0,0.0,0,1
2026-04-07,822999,TB,CHC,MASON ENGLERT,JAVIER ASSAD,0.454,0.4434,0.4809,-0.138,0.2,-0.0457,0.7412,0.0,4.0,0,0
2026-04-07,823727,MIN,DET,TAJ BRADLEY,TARIK SKUBAL,0.8658,0.8299,0.8556,2.1937,0.2,0.2321,-0.1255,4.0,0.0,0,1
2026-04-07,822916,TEX,SEA,NATHAN EOVALDI,GEORGE KIRBY,0.742,0.7389,0.7291,1.1333,0.2,0.036,0.3917,3.0,2.0,0,1
2026-04-07,823648,NYM,AZ,FREDDY PERALTA,ZAC GALLEN,0.3297,0.3155,0.3019,-1.6922,0.2,0.5848,0.0755,2.0,3.0,0,0
2026-04-07,822831,TOR,LAD,KEVIN GAUSMAN,YOSHINOBU YAMAMOTO,0.2605,0.2537,0.2697,-1.6193,0.2,-0.1967,0.2009,0.0,3.0,0,0
2026-04-07,822754,WSH,STL,CADE CAVALLI,MATTHEW LIBERATORE,0.6891,0.6916,0.6592,0.5603,0.2,-0.1692,-0.0637,4.0,2.0,0,1
2026-04-08,824455,CLE,KC,JOEY CANTILLO,COLE RAGANS,0.8937,0.8465,0.8877,2.3642,0.1953,0.3125,-0.7247,5.0,2.0,0,1
2026-04-08,823403,PIT,SD,MITCH KELLER,MICHAEL KING,0.5978,0.6,0.5294,-0.4395,0.1953,0.3656,-0.3684,0.0,0.0,1,0
2026-04-08,824374,COL,HOU,MICHAEL LORENZEN,CRISTIAN JAVIER,0.8558,0.8236,0.8548,2.202,0.1953,0.3296,-0.1164,7.0,1.0,0,1
2026-04-08,823885,MIA,CIN,EURY PÉREZ,BRADY SINGER,0.8853,0.8417,0.8735,2.2847,0.1953,-0.2679,-0.566,6.0,4.0,0,1
2026-04-08,824617,CWS,BAL,SEAN BURKE,KYLE BRADISH,0.7407,0.7378,0.6968,0.6298,0.1953,-0.2527,-0.4065,3.0,2.0,0,1
2026-04-08,823564,NYY,ATH,WILL WARREN,LUIS SEVERINO,0.7428,0.7395,0.6503,-0.1323,0.1953,0.7276,-0.0976,2.0,2.0,1,0
2026-04-08,823646,NYM,AZ,DAVID PETERSON,RYNE NELSON,0.1709,0.1864,0.1436,-3.0674,0.1953,0.4366,0.1698,0.0,5.0,0,0
2026-04-08,823234,SF,PHI,TYLER MAHLE,AARON NOLA,0.684,0.6868,0.5609,-0.5464,0.1953,0.0352,-0.8315,0.0,0.0,1,0
2026-04-08,824050,LAA,ATL,REID DETMERS,GRANT HOLMES,0.2069,0.2117,0.2278,-1.7781,0.1953,0.3912,0.4974,2.0,7.0,0,0
2026-04-08,823726,MIN,DET,BAILEY OBER,FRAMBER VALDEZ,0.8758,0.8361,0.8299,1.5908,0.1953,0.4821,-0.4009,7.0,0.0,0,1
2026-04-08,822753,WSH,STL,MILES MIKOLAS,MICHAEL MCGREEVY,0.3153,0.302,0.3138,-1.2238,0.1953,-0.0151,-0.2118,1.0,3.0,0,0
2026-04-08,824779,BOS,MIL,SONNY GRAY,SHANE DROHAN,0.7024,0.7039,0.666,0.3989,0.1953,-1.5576,0.8155,3.0,0.0,0,1
2026-04-08,822833,TOR,LAD,DYLAN CEASE,SHOHEI OHTANI,0.7809,0.7705,0.6905,0.1305,0.1953,-0.4541,0.4238,1.0,1.0,1,0
2026-04-08,822915,TEX,SEA,MACKENZIE GORE,BRYAN WOO,0.7415,0.7385,0.7431,1.3258,0.1953,0.1259,0.2793,3.0,0.0,0,1
2026-04-08,823000,TB,CHC,JOE BOYLE,COLIN REA,0.3082,0.2954,0.2766,-1.751,0.1953,-0.2987,0.9478,1.0,6.0,0,0
2026-04-09,823645,NYM,AZ,NOLAN MCLEAN,EDUARDO RODRIGUEZ,0.8211,0.8003,0.8402,2.3518,0.2,0.118,0.2593,1.0,0.0,0,1
2026-04-09,824130,KC,CWS,SETH LUGO,ANTHONY KAY,0.3448,0.3301,0.3233,-1.449,0.2,-0.8674,-0.163,0.0,1.0,0,0
2026-04-09,823319,SD,COL,RANDY VÁSQUEZ,JIMMY HERGET,0.7208,0.7205,0.6542,0.121,0.2,-0.3321,0.4224,1.0,1.0,1,0
2026-04-09,823724,MIN,DET,MICK ABEL,JACK FLAHERTY,0.8351,0.81,0.8294,1.8799,0.2,0.7711,-0.6632,1.0,0.0,0,1
2026-04-09,823565,NYY,ATH,RYAN WEATHERS,JEFFREY SPRINGS,0.7052,0.7065,0.5333,-0.9368,0.2,0.6638,-0.0742,0.0,0.0,1,0
2026-04-09,823884,MIA,CIN,MAX MEYER,RHETT LOWDER,0.762,0.7555,0.7512,1.3135,0.2,-0.1087,-0.8301,4.0,1.0,0,1
2026-04-10,824858,BAL,SF,SHANE BAZ,LANDEN ROUPP,0.3365,0.322,0.284,-1.7715,0.2034,-0.4523,0.0533,1.0,3.0,0,0
2026-04-10,823156,SEA,HOU,EMERSON HANCOCK,TATSUYA IMAI,0.8599,0.8262,0.8978,3.2767,0.2034,0.0551,-0.4015,5.0,3.0,0,1
2026-04-10,824941,ATL,CLE,BRYCE ELDER,SLADE CECCONI,0.4729,0.464,0.4692,-0.4474,0.2034,0.9052,0.2369,1.0,2.0,0,0
2026-04-10,822997,TB,NYY,STEVEN MATZ,LUIS GIL,0.8264,0.804,0.7937,1.1821,0.2034,-0.5799,0.6737,3.0,2.0,0,1
2026-04-10,823318,SD,COL,WALKER BUEHLER,TOMOYUKI SUGANO,0.8676,0.831,0.8759,2.6322,0.2034,-0.1353,0.4923,2.0,0.0,0,1
2026-04-10,824695,CHC,PIT,SHOTA IMANAGA,CARMEN MLODZINSKI,0.791,0.7783,0.7689,1.2107,0.2034,1.229,0.3295,0.0,0.0,1,0
2026-04-10,823482,PHI,AZ,JESÚS LUZARDO,MICHAEL SOROKA,0.3215,0.3078,0.326,-1.223,0.2034,-0.7954,-0.0735,4.0,5.0,0,0
2026-04-10,822829,TOR,MIN,PATRICK CORBIN,SIMEON WOODS RICHARDSON,0.7254,0.7246,0.6745,0.3981,0.2034,-0.4272,0.7043,6.0,4.0,0,1
2026-04-10,824297,DET,MIA,KEIDER MONTERO,CHRIS PADDACK,0.8168,0.7973,0.8001,1.484,0.2034,-0.7298,0.1227,2.0,0.0,0,1
2026-04-10,823076,STL,BOS,DUSTIN MAY,CONNELLY EARLY,0.7229,0.7224,0.7504,1.6517,0.2034,-0.0533,-1.0884,3.0,2.0,0,1
2026-04-10,824534,CIN,LAA,CHASE BURNS,JACK KOCHANOWICZ,0.2333,0.2317,0.2984,-0.9828,0.2034,-0.7876,0.3834,1.0,4.0,0,0
2026-04-10,823808,MIL,WSH,AARON ASHBY,JAKE IRVIN,0.8883,0.8434,0.8971,2.8614,0.2034,0.413,-0.1479,3.0,2.0,0,1
2026-04-10,823643,NYM,ATH,CLAY HOLMES,J.T. GINN,0.4937,0.4869,0.5405,0.3102,0.2034,0.3175,-0.0792,0.0,1.0,0,0
2026-04-10,823968,LAD,TEX,TYLER GLASNOW,KUMAR ROCKER,0.4575,0.4472,0.486,-0.1833,0.2034,0.4289,0.3417,3.0,4.0,0,0
2026-04-10,824128,KC,CWS,KRIS BUBIC,DAVIS MARTIN,0.782,0.7714,0.732,0.7253,0.2034,-0.7553,0.0582,1.0,0.0,0,1
2026-04-11,823316,SD,COL,GERMÁN MÁRQUEZ,RYAN FELTNER,0.8026,0.787,0.7865,1.4174,0.1952,0.2682,0.3554,6.0,4.0,0,1
2026-04-11,824129,KC,CWS,MICHAEL WACHA,ERICK FEDDE,0.8685,0.8316,0.8438,1.799,0.1952,-0.5597,0.1293,1.0,0.0,0,1
2026-04-11,823480,PHI,AZ,TAIJUAN WALKER,BRANDON PFAADT,0.7306,0.7291,0.7563,1.655,0.1952,-0.9533,0.2844,4.0,2.0,0,1
2026-04-11,824939,ATL,CLE,MARTÍN PÉREZ,PARKER MESSICK,0.2942,0.2827,0.2415,-1.8289,0.1952,0.6758,0.0663,0.0,1.0,0,0
2026-04-11,823967,LAD,TEX,EMMET SHEEHAN,JACK LEITER,0.7559,0.7505,0.7909,2.0125,0.1952,0.079,0.6249,5.0,1.0,0,1
2026-04-11,824857,BAL,SF,CHRIS BASSITT,LOGAN WEBB,0.6922,0.6944,0.7043,1.129,0.1952,-0.5055,0.1696,4.0,2.0,0,1
2026-04-11,823074,STL,BOS,KYLE LEAHY,RANGER SUAREZ,0.2026,0.2085,0.2398,-1.3364,0.1952,0.0256,-1.0972,0.0,2.0,0,0
2026-04-11,822996,TB,NYY,NICK MARTINEZ,MAX FRIED,0.6418,0.6455,0.4577,-1.5375,0.1952,-0.2563,0.3502,1.0,1.0,1,0
2026-04-11,824535,CIN,LAA,BRANDON WILLIAMSON,GEORGE KLASSEN,0.7925,0.7795,0.8108,1.8204,0.1952,-0.7487,0.4111,5.0,3.0,0,1
2026-04-11,823155,SEA,HOU,LUIS CASTILLO,LANCE MCCULLERS JR.,0.77,0.7619,0.706,0.5496,0.1952,0.0342,-0.6472,7.0,7.0,1,0
2026-04-11,824697,CHC,PIT,EDWARD CABRERA,BRAXTON ASHCRAFT,0.2085,0.2128,0.2079,-1.9616,0.1952,0.9558,0.2027,1.0,3.0,0,0
2026-04-11,823805,MIL,WSH,KYLE HARRISON,FOSTER GRIFFIN,0.4089,0.3951,0.403,-0.6783,0.1952,0.7375,-0.2058,0.0,2.0,0,0
2026-04-11,822830,TOR,MIN,ERIC LAUER,JOE RYAN,0.3347,0.3203,0.2918,-1.795,0.1952,-0.2571,0.496,2.0,7.0,0,0
2026-04-11,824294,DET,MIA,CASEY MIZE,JANSON JUNK,0.8565,0.824,0.8716,2.6923,0.1952,-0.6286,0.0882,5.0,1.0,0,1
2026-04-11,823644,NYM,ATH,KODAI SENGA,JACOB LOPEZ,0.2657,0.2581,0.262,-1.6924,0.1952,0.2557,-0.0174,3.0,7.0,0,0
2026-04-12,824533,CIN,LAA,ANDREW ABBOTT,JOSÉ SORIANO,0.3144,0.3011,0.2884,-2.0655,0.1917,-0.4945,0.0903,0.0,7.0,0,0
2026-04-12,823154,SEA,HOU,LOGAN GILBERT,CODY BOLTON,0.765,0.7579,0.8063,1.7656,0.1917,-0.0369,-0.6427,4.0,1.0,0,1
2026-04-12,824859,BAL,SF,CADE POVICH,ADRIAN HOUSER,0.7002,0.7019,0.7282,1.3667,0.1917,-0.4847,-0.2511,4.0,1.0,0,1
2026-04-12,823642,NYM,ATH,FREDDY PERALTA,AARON CIVALE,0.325,0.3111,0.3572,-1.1321,0.1917,-0.153,0.1913,0.0,1.0,0,0
2026-04-12,824126,KC,CWS,NOAH CAMERON,GRANT TAYLOR,0.8486,0.819,0.8552,2.1897,0.1917,-0.2864,0.1893,5.0,4.0,0,1
2026-04-12,823075,STL,BOS,ANDRE PALLANTE,BRAYAN BELLO,0.3028,0.2906,0.3282,-0.986,0.1917,-0.1755,-0.896,1.0,7.0,0,0
2026-04-12,824696,CHC,PIT,JAMESON TAILLON,BUBBA CHANDLER,0.4092,0.3954,0.3316,-1.6786,0.1917,0.5589,0.2663,3.0,6.0,0,0
2026-04-12,823804,MIL,WSH,BRANDON WOODRUFF,ZACK LITTELL,0.8168,0.7973,0.8592,2.7135,0.1917,0.3202,0.0782,3.0,2.0,0,1
2026-04-12,822828,TOR,MIN,MAX SCHERZER,TAJ BRADLEY,0.3728,0.3579,0.2981,-1.8844,0.1917,-0.3845,0.4901,1.0,8.0,0,0
2026-04-12,824938,ATL,CLE,CHRIS SALE,TANNER BIBEE,0.834,0.8092,0.8446,1.8631,0.1917,0.4847,-0.0093,9.0,0.0,0,1
2026-04-12,823479,PHI,AZ,ZACH POP,ZAC GALLEN,0.5045,0.4987,0.5121,-0.5209,0.1917,-0.5278,0.259,0.0,1.0,0,0
2026-04-12,822998,TB,NYY,DREW RASMUSSEN,CAM SCHLITTLER,0.8006,0.7855,0.8409,2.577,0.1917,-0.2518,0.6123,3.0,0.0,0,1
2026-04-12,823966,LAD,TEX,ROKI SASAKI,JACOB DEGROM,0.3143,0.301,0.2484,-2.1445,0.1917,0.5733,0.1973,1.0,2.0,0,0
2026-04-12,824293,DET,MIA,TARIK SKUBAL,SANDY ALCANTARA,0.8192,0.799,0.8199,1.5282,0.1917,-0.3363,-0.0707,4.0,0.0,0,1
2026-04-12,823317,SD,COL,NICK PIVETTA,JIMMY HERGET,0.7922,0.7792,0.8082,1.5237,0.1917,0.4572,0.2331,4.0,2.0,0,1
2026-04-13,823563,NYY,LAA,WILL WARREN,YUSEI KIKUCHI,0.7403,0.7374,0.7574,1.2158,0.1815,0.1869,0.3392,7.0,4.0,0,1
2026-04-13,825024,ATH,TEX,LUIS SEVERINO,NATHAN EOVALDI,0.4188,0.4056,0.3699,-1.6258,0.1815,0.1341,0.0506,0.0,4.0,0,0
2026-04-13,823725,MIN,BOS,BAILEY OBER,GARRETT CROCHET,0.7669,0.7595,0.8023,1.8164,0.1815,0.7466,-0.3557,13.0,3.0,0,1
2026-04-13,823964,LAD,NYM,JUSTIN WROBLESKI,DAVID PETERSON,0.8919,0.8455,0.8743,2.3034,0.1815,0.72,-0.4878,4.0,0.0,0,1
2026-04-13,823153,SEA,HOU,GEORGE KIRBY,MIKE BURROWS,0.833,0.8085,0.8244,1.3713,0.1815,0.1456,-0.8177,6.0,2.0,0,1
2026-04-13,823400,PIT,WSH,PAUL SKENES,CADE CAVALLI,0.891,0.845,0.8911,2.5121,0.1815,0.6092,0.0178,5.0,1.0,0,1
2026-04-13,824856,BAL,AZ,DEAN KREMER,RYNE NELSON,0.2938,0.2824,0.3135,-1.271,0.1815,-0.2787,0.4552,1.0,4.0,0,0
2026-04-13,823481,PHI,CHC,CRISTOPHER SÁNCHEZ,JAVIER ASSAD,0.8502,0.82,0.862,2.1178,0.1815,-0.6038,0.5493,9.0,2.0,0,1
2026-04-13,824937,ATL,MIA,GRANT HOLMES,EURY PÉREZ,0.5803,0.5814,0.5659,-0.3773,0.1815,0.4747,-0.4362,4.0,6.0,0,0
2026-04-13,823073,STL,CLE,MATTHEW LIBERATORE,GAVIN WILLIAMS,0.2934,0.2821,0.2564,-2.2371,0.1815,-0.4492,-0.27,1.0,4.0,0,0
2026-04-14,823802,MIL,TOR,JACOB MISIOROWSKI,KEVIN GAUSMAN,0.87,0.8325,0.8879,2.5935,0.1753,0.2473,-0.9036,3.0,1.0,0,1
2026-04-14,823965,LAD,NYM,YOSHINOBU YAMAMOTO,NOLAN MCLEAN,0.8956,0.8477,0.8168,0.4382,0.1753,0.859,-0.7516,1.0,1.0,1,0
2026-04-14,825022,ATH,TEX,JEFFREY SPRINGS,MACKENZIE GORE,0.8202,0.7997,0.8346,1.9234,0.1753,-0.0723,0.5853,2.0,1.0,0,1
2026-04-14,823072,STL,CLE,MICHAEL MCGREEVY,JOEY CANTILLO,0.627,0.6304,0.5472,-0.7267,0.1753,-0.6551,0.048,2.0,2.0,1,0
2026-04-14,823723,MIN,BOS,MICK ABEL,SONNY GRAY,0.7406,0.7377,0.8101,2.0851,0.1753,0.872,-0.6115,5.0,0.0,0,1
2026-04-14,823315,SD,SEA,MICHAEL KING,BRYAN WOO,0.7237,0.7231,0.7682,1.4863,0.1753,0.8426,0.2675,3.0,1.0,0,1
2026-04-14,824853,BAL,AZ,TREVOR ROGERS,MERRILL KELLY,0.4193,0.4061,0.4996,-0.0449,0.1753,-0.4996,0.66,2.0,4.0,0,0
2026-04-14,824935,ATL,MIA,REYNALDO LÓPEZ,MAX MEYER,0.3761,0.3612,0.4459,-0.4721,0.1753,0.3074,-0.2695,3.0,4.0,0,0
2026-04-14,824210,HOU,COL,COLTON GORDON,MICHAEL LORENZEN,0.8564,0.824,0.8515,1.9515,0.1753,-0.8702,0.1622,7.0,5.0,0,1
2026-04-14,823398,PIT,WSH,MITCH KELLER,PJ POULIN,0.5105,0.5054,0.5786,0.2676,0.1753,1.1112,-0.4896,4.0,5.0,0,0
2026-04-14,823478,PHI,CHC,AARON NOLA,RILEY MARTIN,0.6945,0.6966,0.6983,0.5864,0.1753,-0.5838,0.5259,3.0,3.0,1,0
2026-04-14,824616,CWS,TB,NOAH SCHULTZ,SHANE MCCLANAHAN,0.3656,0.3506,0.4316,-0.3409,0.1753,0.3984,0.107,3.0,4.0,0,0
2026-04-14,824531,CIN,SF,BRADY SINGER,ROBBIE RAY,0.7389,0.7363,0.7565,1.257,0.1753,-0.767,-0.1952,2.0,1.0,0,1
2026-04-14,824292,DET,KC,FRAMBER VALDEZ,COLE RAGANS,0.4753,0.4666,0.4973,-0.0847,0.1753,-0.2853,0.052,0.0,1.0,0,0
2026-04-14,823562,NYY,LAA,RYAN WEATHERS,REID DETMERS,0.3788,0.3639,0.3942,-0.7734,0.1753,0.1251,-0.0619,0.0,4.0,0,0
2026-04-15,823477,PHI,CHC,JESÚS LUZARDO,SHOTA IMANAGA,0.293,0.2817,0.2862,-1.6391,0.1765,-0.3721,0.27,1.0,5.0,0,0
2026-04-15,825021,ATH,TEX,J.T. GINN,KUMAR ROCKER,0.7912,0.7785,0.7213,0.1506,0.1765,0.0453,0.3147,2.0,2.0,1,0
2026-04-15,824291,DET,KC,JACK FLAHERTY,SETH LUGO,0.6207,0.624,0.5857,-0.3552,0.1765,-0.2657,0.1398,1.0,1.0,1,0
2026-04-15,823803,MIL,TOR,CHAD PATRICK,DYLAN CEASE,0.3425,0.3278,0.3218,-1.6913,0.1765,0.1222,-1.1162,0.0,1.0,0,0
2026-04-15,824532,CIN,SF,RHETT LOWDER,TYLER MAHLE,0.7855,0.7741,0.8473,2.4064,0.1765,-0.8138,-0.2859,8.0,2.0,0,1
2026-04-15,824855,BAL,AZ,KYLE BRADISH,EDUARDO RODRIGUEZ,0.7773,0.7677,0.7809,1.2296,0.1765,-0.5038,0.6619,4.0,3.0,0,1
2026-04-15,823399,PIT,WSH,MASON MONTGOMERY,JAKE IRVIN,0.7719,0.7635,0.793,1.4036,0.1765,1.0362,-0.156,2.0,0.0,0,1
2026-04-15,824936,ATL,MIA,BRYCE ELDER,CHRIS PADDACK,0.7692,0.7614,0.8128,1.7493,0.1765,0.4342,-0.121,2.0,0.0,0,1
2026-04-15,823071,STL,CLE,DUSTIN MAY,SLADE CECCONI,0.7632,0.7565,0.6925,-0.0813,0.1765,-0.7643,0.146,1.0,1.0,1,0
2026-04-15,823963,LAD,NYM,SHOHEI OHTANI,CLAY HOLMES,0.905,0.8529,0.8886,2.1637,0.1765,0.8923,-0.7789,2.0,1.0,0,1
2026-04-15,823561,NYY,LAA,LUIS GIL,JACK KOCHANOWICZ,0.355,0.34,0.3376,-1.316,0.1765,-0.12,-0.0229,3.0,4.0,0,0
2026-04-15,824209,HOU,COL,SPENCER ARRIGHETTI,JOSE QUINTANA,0.6367,0.6403,0.7212,1.7653,0.1765,-0.5394,0.0183,3.0,1.0,0,1
2026-04-15,823314,SD,SEA,RANDY VÁSQUEZ,EMERSON HANCOCK,0.308,0.2952,0.2978,-1.7588,0.1765,0.9152,-0.0176,0.0,6.0,0,0
2026-04-15,824615,CWS,TB,SEAN BURKE,COLE SULSER,0.3405,0.3259,0.3846,-0.9297,0.1765,0.5213,0.1961,0.0,3.0,0,0
2026-04-15,823722,MIN,BOS,SIMEON WOODS RICHARDSON,CONNELLY EARLY,0.277,0.2677,0.3677,-0.5837,0.1765,1.085,-0.7557,1.0,7.0,0,0
2026-04-16,824289,DET,KC,KEIDER MONTERO,KRIS BUBIC,0.7252,0.7244,0.7786,1.9454,0.1776,-0.0519,-0.0751,6.0,1.0,0,1
2026-04-16,825023,ATH,TEX,JACOB LOPEZ,JACK LEITER,0.8111,0.7932,0.8603,2.4416,0.1776,0.2283,0.0436,3.0,2.0,0,1
2026-04-16,823801,MIL,TOR,BRANDON SPROAT,PATRICK CORBIN,0.7233,0.7227,0.6256,-0.477,0.1776,-0.1274,-1.1157,1.0,1.0,1,0
2026-04-16,824208,HOU,COL,RYAN WEISS,JUAN MEJIA,0.4438,0.4323,0.4963,-0.2862,0.1776,-0.3891,-0.1831,2.0,3.0,0,0
2026-04-16,824614,CWS,TB,JORDAN LEASURE,STEVEN MATZ,0.7143,0.7147,0.6996,0.5417,0.1776,0.0487,0.5388,1.0,1.0,1,0
2026-04-16,823313,SD,SEA,WALKER BUEHLER,LUIS CASTILLO,0.8336,0.8089,0.8328,1.4927,0.1776,0.4624,-0.0346,4.0,0.0,0,1
2026-04-16,824530,CIN,SF,CHASE BURNS,LANDEN ROUPP,0.863,0.8282,0.7876,0.4144,0.1776,-0.4415,-0.4062,0.0,0.0,1,0
2026-04-16,824453,CLE,BAL,PARKER MESSICK,SHANE BAZ,0.8585,0.8253,0.8872,2.48,0.1776,0.4163,-0.3727,3.0,0.0,0,1
2026-04-16,823560,NYY,LAA,MAX FRIED,BRENT SUTER,0.8416,0.8144,0.8843,3.1758,0.1776,-0.3289,0.029,3.0,2.0,0,1
2026-04-16,823396,PIT,WSH,BRAXTON ASHCRAFT,FOSTER GRIFFIN,0.7873,0.7755,0.7466,0.5848,0.1776,1.1653,-0.3491,4.0,4.0,1,0
2026-04-17,824693,CHC,NYM,EDWARD CABRERA,KODAI SENGA,0.8523,0.8214,0.8792,2.492,0.1843,0.6036,-0.8881,7.0,3.0,0,1
2026-04-17,823559,NYY,KC,CAM SCHLITTLER,MICHAEL WACHA,0.7428,0.7396,0.8004,1.7021,0.1843,-0.1919,-0.3923,2.0,0.0,0,1
2026-04-17,825101,AZ,TOR,MICHAEL SOROKA,BRAYDON FISHER,0.7732,0.7645,0.8428,2.4107,0.1843,0.3248,-1.3025,3.0,1.0,0,1
2026-04-17,823883,MIA,MIL,JANSON JUNK,COLEMAN CROW,0.3643,0.3493,0.3941,-0.9574,0.1843,0.0228,0.1237,1.0,3.0,0,0
2026-04-17,822752,WSH,SF,ZACK LITTELL,LOGAN WEBB,0.4368,0.4248,0.4193,-1.1289,0.1843,-0.5825,-0.6284,3.0,8.0,0,0
2026-04-17,825019,ATH,CWS,AARON CIVALE,DAVIS MARTIN,0.4546,0.444,0.4471,-0.9238,0.1843,0.4983,-0.2027,1.0,5.0,0,0
2026-04-17,824207,HOU,STL,PETER LAMBERT,KYLE LEAHY,0.3353,0.3208,0.3178,-1.5234,0.1843,-0.7257,-0.6612,3.0,4.0,0,0
2026-04-17,824454,CLE,BAL,TANNER BIBEE,CHRIS BASSITT,0.863,0.8282,0.8562,1.648,0.1843,0.5628,-0.4337,0.0,0.0,1,0
2026-04-17,823397,PIT,TB,BUBBA CHANDLER,NICK MARTINEZ,0.8074,0.7905,0.8465,2.1051,0.1843,1.256,0.4227,1.0,0.0,0,1
2026-04-17,824373,COL,LAD,TOMOYUKI SUGANO,TYLER GLASNOW,0.2053,0.2105,0.1517,-3.4191,0.1843,-0.2132,1.0927,1.0,7.0,0,0
2026-04-17,823476,PHI,ATL,TAIJUAN WALKER,MARTÍN PÉREZ,0.3971,0.3828,0.3639,-1.4015,0.1843,-0.3456,0.3504,0.0,7.0,0,0
2026-04-17,823720,MIN,CIN,JOE RYAN,BRANDON WILLIAMSON,0.4306,0.4181,0.445,-0.8976,0.1843,0.8901,-0.5377,1.0,2.0,0,0
2026-04-17,824048,LAA,SD,JOSÉ SORIANO,MATT WALDRON,0.8794,0.8382,0.9212,3.3941,0.1843,0.1855,0.9166,8.0,0.0,0,1
2026-04-17,823152,SEA,TEX,LOGAN GILBERT,JACOB DEGROM,0.331,0.3167,0.2807,-2.2297,0.1843,-0.3409,-0.1568,0.0,2.0,0,0
2026-04-17,824778,BOS,DET,RANGER SUAREZ,CASEY MIZE,0.6364,0.64,0.5553,-0.7803,0.1843,-0.5995,0.4649,0.0,0.0,1,0
2026-04-18,824694,CHC,NYM,JAMESON TAILLON,FREDDY PERALTA,0.806,0.7895,0.7675,0.6863,0.1821,0.6251,-1.0169,1.0,1.0,1,0
2026-04-18,823721,MIN,CIN,TAJ BRADLEY,ANDREW ABBOTT,0.8778,0.8372,0.8748,2.0017,0.1821,1.091,-0.1802,4.0,2.0,0,1
2026-04-18,823882,MIA,MIL,SANDY ALCANTARA,BRANDON WOODRUFF,0.3311,0.3168,0.3798,-0.8713,0.1821,-0.2427,0.3326,1.0,3.0,0,0
2026-04-18,824049,LAA,SD,YUSEI KIKUCHI,GERMÁN MÁRQUEZ,0.8746,0.8353,0.8321,0.9916,0.1821,0.4207,0.7443,0.0,0.0,1,0
2026-04-18,823394,PIT,TB,PAUL SKENES,DREW RASMUSSEN,0.292,0.2808,0.323,-1.3878,0.1821,1.0696,0.2782,4.0,5.0,0,0
2026-04-18,825098,AZ,TOR,ZAC GALLEN,MAX SCHERZER,0.873,0.8344,0.8881,2.4981,0.1821,0.7367,-1.3643,2.0,1.0,0,1
2026-04-18,824372,COL,LAD,RYAN FELTNER,EMMET SHEEHAN,0.3144,0.3012,0.2622,-2.3418,0.1821,-0.3034,1.3795,2.0,3.0,0,0
2026-04-18,823558,NYY,KC,WILL WARREN,NOAH CAMERON,0.8388,0.8125,0.834,1.6002,0.1821,-0.2326,-0.8032,7.0,0.0,0,1
2026-04-18,823151,SEA,TEX,GEORGE KIRBY,NATHAN EOVALDI,0.7764,0.767,0.7933,1.3882,0.1821,-0.3229,-0.013,3.0,0.0,0,1
2026-04-18,823474,PHI,ATL,CRISTOPHER SÁNCHEZ,CHRIS SALE,0.3954,0.381,0.4293,-0.5728,0.1821,-0.3354,0.7973,1.0,3.0,0,0
2026-04-18,825020,ATH,CWS,LUIS SEVERINO,ERICK FEDDE,0.3865,0.3718,0.4078,-0.9279,0.1821,0.025,0.2006,3.0,5.0,0,0
2026-04-18,824451,CLE,BAL,GAVIN WILLIAMS,DEAN KREMER,0.8306,0.8069,0.8283,1.6028,0.1821,0.588,-0.4317,3.0,1.0,0,1
2026-04-18,824206,HOU,STL,LANCE MCCULLERS JR.,ANDRE PALLANTE,0.4315,0.4191,0.466,-0.654,0.1821,-1.0505,-0.5193,1.0,4.0,0,0
2026-04-18,824775,BOS,DET,BRAYAN BELLO,TARIK SKUBAL,0.3345,0.3201,0.2493,-2.6355,0.1821,-0.3076,0.1898,1.0,4.0,0,0
2026-04-18,822751,WSH,SF,CADE CAVALLI,ADRIAN HOUSER,0.8135,0.7949,0.8363,1.9265,0.1821,-0.6407,-0.4292,5.0,3.0,0,1
