"last_name, first_name",player_id,year,k_percent,bb_percent,batting_avg,slg_percent,on_base_percent,woba,xwoba,exit_velocity_avg,launch_angle_avg,sweet_spot_percent,barrel_batted_rate,hard_hit_percent,whiff_percent,swing_percent
"Scherzer, Max",453286,2026,14.7,7.4,0.262,0.475,0.324,0.353,0.382,88.8,26.2,44.2,11.5,34.6,16.3,51.7
"Cease, Dylan",656302,2026,36.0,13.5,0.184,0.197,0.303,0.251,0.272,85.2,8.5,34.1,0.0,29.5,41.0,46.2
"Baker, Bryan",641329,2026,25.7,8.6,0.219,0.375,0.286,0.299,0.264,86.4,17.6,26.1,4.3,21.7,39.4,49.3
"Burke, Sean",680732,2026,19.5,6.9,0.253,0.405,0.314,0.324,0.341,89.0,10.9,36.5,4.8,39.7,16.2,48.1
"Pfaadt, Brandon",694297,2026,15.1,8.2,0.258,0.455,0.329,0.35,0.335,88.7,7.5,27.3,10.9,36.4,21.4,47.5
"Houser, Adrian",605288,2026,10.9,6.9,0.293,0.457,0.35,0.361,0.36,89.8,5.5,32.9,9.8,43.9,18.2,50.1
"Svanson, Matt",694335,2026,17.2,15.5,0.375,0.583,0.483,0.473,0.431,93.3,15.4,36.8,5.3,57.9,17.8,47.0
"Cruz, Fernando",518585,2026,30.3,21.2,0.16,0.16,0.364,0.283,0.313,84.9,27.6,13.3,6.7,13.3,37.9,40.8
"Finnegan, Kyle",640448,2026,8.3,22.2,0.143,0.214,0.333,0.279,0.31,86.7,0.7,20.0,4.0,32.0,23.3,42.9
"Ryan, Joe",657746,2026,26.2,5.6,0.184,0.286,0.243,0.243,0.263,87.9,22.1,31.0,11.3,35.2,25.7,49.6
"Hill, Jaden",677955,2026,21.1,15.8,0.161,0.194,0.297,0.235,0.314,87.5,9.9,39.1,4.3,30.4,27.0,45.3
"Kuhnel, Joel",669270,2026,15.0,0.0,0.105,0.105,0.1,0.091,0.318,91.2,7.2,29.4,0.0,52.9,21.6,56.1
"Wrobleski, Justin",680736,2026,9.5,7.9,0.138,0.155,0.206,0.178,0.316,87.4,9.1,32.7,3.8,32.7,13.6,48.2
"Kikuchi, Yusei",579328,2026,24.3,9.9,0.289,0.464,0.36,0.366,0.353,91.3,11.0,34.7,8.3,44.4,28.6,48.2
"Burke, Brock",656271,2026,28.2,10.3,0.229,0.343,0.308,0.298,0.317,90.7,14.7,37.5,12.5,45.8,38.4,45.9
"Bradish, Kyle",680694,2026,23.9,11.4,0.286,0.455,0.364,0.364,0.282,88.2,8.7,29.8,7.0,38.6,23.3,45.7
"Webb, Logan",657277,2026,20.5,8.3,0.261,0.37,0.328,0.319,0.333,91.8,1.3,28.3,6.5,52.2,20.2,46.6
"Anderson, Shaun",641312,2026,17.0,9.4,0.234,0.447,0.321,0.344,0.36,86.7,12.6,34.2,10.5,39.5,28.3,43.8
"Bradley, Taj",671737,2026,28.8,8.5,0.229,0.286,0.305,0.277,0.29,93.6,18.9,48.6,4.2,45.8,26.6,46.5
"Anderson, Drew",623454,2026,19.1,14.9,0.237,0.447,0.37,0.371,0.332,88.2,13.5,20.0,6.7,36.7,26.4,45.5
"Watson, Ryan",670245,2026,11.5,13.5,0.256,0.488,0.373,0.386,0.436,90.1,16.3,28.9,18.4,50.0,26.7,42.4
"Soroka, Michael",647336,2026,30.1,6.5,0.217,0.373,0.293,0.303,0.35,91.7,14.9,42.9,16.1,48.2,23.3,48.0
"Bubic, Kris",663460,2026,29.2,11.2,0.177,0.354,0.27,0.283,0.325,91.3,16.4,43.4,13.2,47.2,33.5,46.3
"Thielbar, Caleb",573204,2026,33.3,13.3,0.154,0.269,0.267,0.24,0.286,87.5,16.2,37.5,12.5,37.5,26.4,55.0
"Kilian, Caleb",668873,2026,36.8,15.8,0.067,0.167,0.237,0.197,0.258,88.6,10.1,35.3,5.9,41.2,33.3,43.2
"Sugano, Tomoyuki",608372,2026,17.4,5.8,0.241,0.519,0.279,0.343,0.423,91.2,13.2,39.4,19.7,48.5,21.5,49.1
"Gausman, Kevin",592332,2026,35.2,5.7,0.171,0.268,0.218,0.223,0.252,85.3,10.5,30.8,7.7,34.6,32.3,54.4
"Singer, Brady",663903,2026,16.7,3.6,0.342,0.557,0.381,0.414,0.367,93.6,9.2,35.4,9.2,52.3,19.4,43.4
"Bummer, Aaron",607481,2026,20.0,12.0,0.238,0.429,0.36,0.36,0.404,91.6,15.1,31.3,18.8,50.0,23.3,43.4
"Rocker, Kumar",677958,2026,20.9,10.4,0.259,0.397,0.343,0.336,0.312,88.6,10.9,24.4,6.7,37.8,25.0,50.8
"Suarez, José",660761,2026,22.6,9.4,0.354,0.417,0.415,0.38,0.31,90.2,11.5,36.1,2.8,41.7,26.6,52.7
"Poulin, PJ",676571,2026,16.3,14.3,0.238,0.476,0.347,0.368,0.37,91.5,12.1,26.5,8.8,55.9,17.4,41.1
"Baz, Shane",669358,2026,19.6,8.2,0.302,0.488,0.371,0.381,0.327,88.7,14.1,36.8,8.8,33.8,22.9,46.8
"Young, Brandon",687064,2026,11.1,11.1,0.125,0.125,0.222,0.18,0.278,89.4,10.0,21.4,7.1,50.0,17.2,43.9
"Taylor, Grant",691799,2026,33.3,7.7,0.194,0.222,0.256,0.227,0.251,91.3,17.2,34.8,8.7,43.5,26.5,49.4
"Yamamoto, Yoshinobu",808967,2026,22.1,3.2,0.198,0.363,0.232,0.264,0.3,86.9,12.6,31.4,8.6,31.4,30.9,50.7
"Kelly, Merrill",518876,2026,12.5,16.7,0.263,0.474,0.391,0.39,0.458,94.3,21.6,35.3,17.6,41.2,30.6,41.9
"Woo, Bryan",693433,2026,20.6,5.2,0.2,0.256,0.247,0.232,0.239,87.2,22.3,28.2,4.2,39.4,24.9,53.6
"Williamson, Brandon",682227,2026,13.3,14.4,0.205,0.37,0.333,0.323,0.399,88.8,19.4,36.5,11.1,41.3,23.4,41.3
"Myers, Tobias",668964,2026,18.8,2.1,0.191,0.34,0.208,0.233,0.264,89.1,11.8,21.1,5.3,39.5,18.9,53.3
"Pallette, Peyton",688883,2026,26.5,8.8,0.241,0.379,0.353,0.34,0.39,95.0,22.7,45.0,15.0,45.0,27.0,44.7
"Festa, Matt",670036,2026,19.5,2.4,0.308,0.538,0.341,0.388,0.311,85.6,30.3,48.4,6.5,41.9,27.1,52.2
"Harris, Hogan",663687,2026,18.6,20.3,0.174,0.283,0.356,0.307,0.3,84.7,18.5,20.0,2.9,17.1,22.0,43.3
"Leahy, Kyle",681517,2026,15.1,9.3,0.276,0.513,0.353,0.383,0.372,91.1,3.6,31.7,14.3,49.2,20.0,45.5
"Mejia, Juan",675848,2026,16.3,9.3,0.368,0.474,0.442,0.409,0.395,87.7,21.7,45.2,3.2,32.3,23.5,48.0
"Ober, Bailey",641927,2026,16.5,5.9,0.253,0.418,0.306,0.324,0.33,86.6,20.9,30.8,9.2,32.3,19.9,48.5
"Mattson, Isaac",676755,2026,16.7,11.1,0.25,0.271,0.333,0.288,0.387,92.2,20.6,46.2,10.3,53.8,18.0,47.6
"Orze, Eric",679358,2026,16.2,10.8,0.281,0.344,0.351,0.318,0.285,86.7,21.2,33.3,0.0,33.3,25.0,44.4
"Mears, Nick",683232,2026,18.8,12.5,0.231,0.423,0.323,0.328,0.351,90.4,11.1,27.3,13.6,54.5,19.6,42.1
"Miller, Mason",695243,2026,71.4,5.7,0.061,0.061,0.114,0.092,0.084,83.1,22.1,25.0,0.0,37.5,62.2,52.1
"Gray, Sonny",543243,2026,12.5,4.5,0.265,0.434,0.307,0.33,0.362,88.1,5.3,31.9,11.1,36.1,19.5,44.0
"Skenes, Paul",694973,2026,26.1,8.0,0.169,0.299,0.253,0.255,0.247,85.6,14.8,32.7,5.5,29.1,24.3,51.3
"Ashby, Aaron",676879,2026,37.3,10.2,0.245,0.358,0.322,0.312,0.27,90.0,8.1,25.8,9.7,45.2,36.5,40.9
"Abreu, Bryan",650556,2026,27.9,30.2,0.3,0.733,0.512,0.525,0.431,91.3,17.1,27.8,16.7,61.1,35.7,38.3
"Rogers, Trevor",669432,2026,20.4,6.1,0.264,0.352,0.316,0.305,0.254,88.0,18.9,28.2,2.8,28.2,28.4,50.1
"deGrom, Jacob",594798,2026,32.1,7.7,0.208,0.361,0.269,0.28,0.264,90.6,25.2,36.2,10.6,36.2,29.4,52.4
"Imai, Tatsuya",837227,2026,29.5,25.0,0.219,0.25,0.432,0.348,0.322,85.8,5.9,31.6,0.0,36.8,35.1,36.1
"Walker, Ryan",676254,2026,25.0,12.5,0.257,0.371,0.35,0.313,0.268,82.3,8.1,32.0,4.0,24.0,20.3,39.5
"Funderburk, Kody",681892,2026,19.0,16.7,0.212,0.303,0.381,0.334,0.392,88.5,10.2,28.0,8.0,36.0,17.5,38.2
"Romero, JoJo",668941,2026,14.0,7.0,0.179,0.231,0.256,0.232,0.328,89.3,13.4,30.3,6.1,33.3,13.8,39.4
"Kerkering, Orion",689147,2026,17.4,4.3,0.286,0.571,0.318,0.385,0.201,79.7,27.5,22.2,5.6,22.2,14.6,52.2
"Cruz, Steven",674444,2026,26.9,15.4,0.318,0.864,0.423,0.531,0.396,87.5,23.4,33.3,26.7,33.3,30.0,45.9
"Sánchez, Cristopher",650911,2026,31.7,6.5,0.278,0.374,0.325,0.317,0.268,89.4,1.3,28.9,10.5,43.4,32.3,49.9
"Leiter Jr., Mark",643410,2026,20.5,9.1,0.359,0.513,0.432,0.418,0.39,86.5,19.7,43.3,6.7,36.7,28.6,46.7
"Brash, Matt",666374,2026,18.2,4.5,0.158,0.263,0.19,0.174,0.384,92.2,15.4,47.1,11.8,47.1,32.4,45.1
"Cabrera, Edward",665795,2026,18.7,12.1,0.231,0.282,0.322,0.285,0.327,91.0,12.0,36.5,11.1,38.1,27.1,45.4
"Ragans, Cole",666142,2026,23.9,14.9,0.228,0.404,0.343,0.341,0.358,87.4,13.1,31.7,14.6,34.1,26.2,44.8
"Woodruff, Brandon",605540,2026,21.3,4.3,0.207,0.356,0.245,0.262,0.269,89.5,21.8,27.5,7.2,31.9,22.8,51.7
"Crow, Coleman",689441,2026,19.0,4.8,0.211,0.368,0.238,0.26,0.334,88.5,18.5,37.5,12.5,31.3,7.7,50.6
"Junis, Jakob",596001,2026,17.1,5.7,0.156,0.188,0.229,0.188,0.269,82.5,7.7,26.9,0.0,30.8,14.8,45.0
"Englert, Mason",669438,2026,14.0,6.0,0.37,0.674,0.4,0.456,0.436,93.7,22.7,47.5,15.0,52.5,20.0,56.8
"Bassitt, Chris",605135,2026,8.4,13.3,0.343,0.418,0.446,0.396,0.372,86.6,7.9,35.5,1.6,30.6,20.9,43.6
"Fried, Max",608331,2026,18.1,6.3,0.165,0.226,0.23,0.215,0.243,86.8,9.4,26.6,1.1,29.8,19.0,44.0
"Sproat, Brandon",687075,2026,21.6,14.9,0.295,0.541,0.403,0.418,0.366,91.1,17.4,29.8,10.6,46.8,21.9,46.3
"Sands, Cole",663485,2026,18.9,10.8,0.29,0.387,0.361,0.339,0.343,93.9,11.1,23.1,3.8,50.0,19.7,44.2
"Strahm, Matt",621381,2026,20.7,10.3,0.2,0.36,0.31,0.31,0.274,89.4,21.6,15.8,5.3,36.8,24.1,45.0
"Johnson, Pierce",572955,2026,27.8,2.8,0.294,0.5,0.314,0.358,0.406,94.0,23.9,48.0,20.0,48.0,27.7,50.0
"Headrick, Brent",687396,2026,25.5,9.8,0.279,0.372,0.354,0.325,0.312,91.2,18.8,48.5,6.1,36.4,33.7,52.0
"Beeks, Jalen",656222,2026,20.0,8.6,0.226,0.226,0.294,0.25,0.294,87.9,10.7,24.0,4.0,40.0,26.2,46.8
"Martinez, Nick",607259,2026,15.2,7.6,0.235,0.388,0.293,0.307,0.341,87.4,13.9,26.8,7.0,32.4,17.9,47.1
"Kochanowicz, Jack",686799,2026,18.2,15.2,0.167,0.25,0.293,0.264,0.355,89.5,7.9,36.4,10.6,36.4,25.3,43.5
"Nardi, Andrew",677053,2026,30.8,11.5,0.261,0.478,0.346,0.367,0.403,91.6,9.1,33.3,20.0,66.7,29.2,45.3
"Bachman, Sam",696147,2026,25.6,18.6,0.171,0.2,0.326,0.268,0.31,83.3,18.2,41.7,8.3,20.8,37.3,39.0
"Scholtens, Jesse",669947,2026,19.4,8.3,0.156,0.219,0.25,0.226,0.324,86.4,14.3,28.0,4.0,40.0,17.7,44.9
"Varland, Gus",681402,2026,26.5,8.8,0.258,0.419,0.324,0.334,0.339,91.2,18.1,36.4,13.6,54.5,25.0,49.2
"Martin, Chris",455119,2026,24.1,0.0,0.393,0.643,0.414,0.464,0.399,95.7,18.7,66.7,9.5,52.4,28.3,57.7
"Jax, Griffin",643377,2026,18.4,15.8,0.31,0.552,0.417,0.414,0.393,90.6,5.3,28.0,8.0,44.0,28.2,44.9
"Criswell, Cooper",681867,2026,24.2,9.1,0.233,0.433,0.303,0.318,0.368,92.9,7.5,27.3,13.6,54.5,22.4,48.2
"Civale, Aaron",650644,2026,18.0,6.7,0.263,0.388,0.318,0.314,0.32,91.4,15.7,27.7,6.2,52.3,22.4,44.2
"Weissert, Greg",669711,2026,30.6,8.3,0.219,0.5,0.286,0.345,0.339,89.7,-0.2,33.3,14.3,38.1,20.0,46.7
"Latz, Jacob",656641,2026,21.7,6.5,0.093,0.209,0.152,0.168,0.209,89.1,22.9,18.2,9.1,45.5,24.4,45.2
"Bruihl, Justin",677865,2026,13.0,17.4,0.222,0.361,0.348,0.324,0.395,87.2,17.0,40.6,9.4,46.9,20.6,37.6
"Schultz, Paxton",687606,2026,20.0,2.9,0.25,0.531,0.294,0.359,0.388,91.1,25.2,40.0,16.0,40.0,21.1,42.5
"Kinley, Tyler",641755,2026,20.7,6.9,0.148,0.148,0.207,0.174,0.247,77.4,12.9,33.3,0.0,4.8,27.3,48.2
"Lambert, Peter",663567,2026,33.3,4.2,0.333,0.381,0.417,0.372,0.35,90.2,7.5,46.2,15.4,46.2,46.9,54.4
"Ferrer, Jose A.",678606,2026,18.4,2.6,0.361,0.444,0.378,0.369,0.261,84.7,15.1,30.0,0.0,23.3,22.4,53.5
"Mayza, Tim",641835,2026,24.4,7.3,0.108,0.108,0.195,0.159,0.235,89.9,4.6,25.9,3.7,44.4,29.0,43.9
"Crochet, Garrett",676979,2026,23.9,7.6,0.287,0.475,0.374,0.381,0.361,88.6,11.6,40.7,10.2,40.7,22.6,50.1
"Ashcraft, Graham",668933,2026,30.2,11.6,0.211,0.342,0.302,0.295,0.258,88.7,11.3,28.0,4.0,40.0,36.0,49.4
"Alexander, Tyler",641302,2026,20.0,8.9,0.289,0.316,0.364,0.317,0.252,85.2,14.6,22.6,0.0,16.1,14.9,41.8
"Bender, Anthony",669622,2026,24.4,19.5,0.267,0.333,0.439,0.362,0.301,86.2,9.0,23.8,4.8,23.8,18.6,34.3
"Pagán, Emilio",641941,2026,23.3,14.0,0.167,0.361,0.302,0.298,0.334,92.3,28.9,34.6,15.4,53.8,28.4,46.6
"Fluharty, Mason",689254,2026,31.3,12.5,0.269,0.346,0.355,0.308,0.247,84.8,18.8,38.9,5.6,27.8,35.4,49.2
"Hancock, Emerson",676106,2026,29.4,4.7,0.175,0.287,0.224,0.233,0.27,89.4,17.0,25.5,9.1,30.9,24.1,53.4
"Dollander, Chase",801403,2026,28.7,7.5,0.214,0.4,0.278,0.301,0.289,92.7,7.9,26.0,14.0,56.0,30.4,52.2
"Gil, Luis",661563,2026,17.1,12.2,0.229,0.6,0.341,0.408,0.392,93.5,11.9,32.1,14.3,50.0,25.4,39.2
"Kremer, Dean",665152,2026,37.2,4.7,0.195,0.512,0.233,0.322,0.321,87.6,15.4,40.0,16.0,36.0,35.4,46.9
"Blackburn, Paul",621112,2026,12.8,7.7,0.333,0.389,0.385,0.354,0.33,90.3,6.2,25.8,0.0,45.2,15.4,49.2
"Zerpa, Angel",672582,2026,10.6,10.6,0.341,0.488,0.413,0.405,0.391,91.9,1.7,21.6,5.4,48.6,17.3,42.9
"Nola, Aaron",605400,2026,25.8,6.5,0.264,0.437,0.312,0.333,0.323,88.3,11.5,30.2,7.9,39.7,27.2,45.4
"Severino, Luis",622663,2026,24.3,18.0,0.25,0.443,0.4,0.385,0.376,89.6,12.5,35.5,11.3,46.8,25.3,42.6
"Peterson, David",656849,2026,21.6,10.3,0.321,0.444,0.385,0.368,0.351,90.7,7.3,29.2,3.1,55.4,26.5,47.5
"Borucki, Ryan",621366,2026,23.3,6.7,0.321,0.571,0.367,0.412,0.336,85.2,6.6,23.8,9.5,47.6,36.7,55.6
"Povich, Cade",700249,2026,14.6,6.3,0.2,0.289,0.25,0.248,0.303,89.9,16.8,21.1,7.9,39.5,28.6,49.5
"Pop, Zach",647315,2026,19.4,9.7,0.2,0.32,0.29,0.276,0.319,93.3,11.1,23.8,4.8,47.6,15.4,40.0
"Nance, Tommy",667297,2026,24.3,10.8,0.313,0.469,0.389,0.386,0.341,85.7,5.6,33.3,8.3,37.5,20.3,46.8
"Thompson, Ryan",657044,2026,15.6,9.4,0.103,0.172,0.188,0.158,0.24,85.5,13.7,25.0,4.2,25.0,17.0,49.5
"Brown, Ben",676962,2026,22.4,9.0,0.2,0.267,0.269,0.25,0.278,90.1,6.7,28.3,4.3,34.8,27.4,44.8
"Ginkel, Kevin",656464,2026,30.8,7.7,0.278,0.361,0.333,0.317,0.262,89.3,10.2,29.2,8.3,41.7,33.3,51.3
"Keller, Mitch",656605,2026,15.6,10.0,0.225,0.3,0.311,0.287,0.318,85.4,16.3,33.3,3.0,37.9,19.5,45.2
"Schreiber, John",670167,2026,12.1,18.2,0.304,0.652,0.438,0.437,0.415,92.6,14.4,40.9,9.1,40.9,12.7,43.8
"Rodriguez, Eduardo",593958,2026,14.6,9.4,0.218,0.322,0.292,0.283,0.325,89.8,9.5,35.6,5.5,37.0,17.3,43.9
"Lovelady, Richard",663992,2026,19.6,15.2,0.256,0.359,0.37,0.323,0.303,88.9,8.7,26.7,3.3,40.0,24.7,45.5
"Pérez, Martín",527048,2026,12.7,7.6,0.188,0.304,0.269,0.264,0.324,90.6,14.3,37.7,3.3,39.3,18.0,44.0
"Cano, Yennier",666974,2026,37.5,4.2,0.174,0.217,0.208,0.197,0.285,89.4,-2.2,28.6,7.1,57.1,40.0,46.5
"Baumler, Carter",691945,2026,22.2,22.2,0.2,0.4,0.407,0.378,0.362,91.8,20.9,35.7,7.1,50.0,30.0,42.7
"Garcia, Rico",670329,2026,30.3,9.1,0.0,0.0,0.091,0.065,0.174,83.0,8.1,15.0,0.0,15.0,34.0,43.1
"Moll, Sam",594580,2026,22.0,17.1,0.067,0.067,0.3,0.225,0.314,85.1,10.8,14.3,0.0,19.0,26.9,33.5
"Cameron, Noah",702070,2026,19.1,6.7,0.277,0.53,0.326,0.376,0.403,90.7,16.4,45.5,15.2,48.5,24.3,45.7
"Miles, Spencer",693686,2026,20.5,9.1,0.25,0.4,0.318,0.325,0.345,87.6,7.8,32.3,6.5,32.3,26.3,46.5
"Nelson, Ryne",669194,2026,22.1,9.3,0.169,0.377,0.247,0.28,0.334,91.0,20.7,27.6,10.3,51.7,25.6,50.4
"Treinen, Blake",595014,2026,23.1,11.5,0.13,0.217,0.231,0.216,0.326,87.7,5.2,29.4,11.8,41.2,31.3,46.6
"Bello, Brayan",678394,2026,14.1,13.0,0.312,0.494,0.396,0.394,0.4,88.5,5.9,34.3,11.9,35.8,33.3,47.2
"Buehler, Walker",621111,2026,24.7,8.2,0.242,0.333,0.315,0.299,0.318,90.8,8.2,45.8,4.2,35.4,26.8,43.9
"Jansen, Kenley",445276,2026,31.8,4.5,0.19,0.333,0.227,0.252,0.231,86.5,20.6,42.9,7.1,28.6,32.5,45.5
"Liberatore, Matthew",669461,2026,12.8,8.5,0.298,0.488,0.355,0.374,0.373,91.5,14.8,35.1,8.1,44.6,17.7,46.7
"Kay, Anthony",641743,2026,15.4,11.5,0.197,0.333,0.321,0.307,0.402,90.9,16.0,29.6,7.4,50.0,20.0,42.8
"Feltner, Ryan",663372,2026,17.7,8.9,0.278,0.583,0.342,0.402,0.395,89.5,13.8,31.0,17.2,50.0,24.5,50.0
"Allard, Kolby",663465,2026,20.0,6.7,0.39,0.659,0.444,0.477,0.386,89.9,10.1,50.0,15.6,43.8,17.4,52.0
"Quintana, Jose",500779,2026,8.1,21.6,0.28,0.52,0.417,0.4,0.444,87.6,23.7,46.2,19.2,26.9,24.6,42.5
"Hoffmann, Andrew",694851,2026,23.5,14.7,0.148,0.296,0.294,0.28,0.31,88.9,20.8,30.0,5.0,40.0,16.0,37.0
"King, Michael",650633,2026,21.5,10.8,0.205,0.308,0.315,0.293,0.339,89.0,15.6,35.6,11.9,33.9,27.1,45.2
"Blubaugh, AJ",805123,2026,18.5,12.3,0.278,0.537,0.359,0.388,0.33,92.5,19.2,42.2,11.1,40.0,28.2,50.4
"Sewald, Paul",623149,2026,37.9,0.0,0.138,0.414,0.138,0.233,0.268,92.4,32.2,50.0,16.7,50.0,26.5,59.6
"Sulser, Cole",642121,2026,15.3,11.9,0.32,0.46,0.397,0.378,0.4,89.9,15.4,39.5,14.0,48.8,22.4,43.0
"Sterner, Justin",686993,2026,25.0,8.9,0.3,0.42,0.364,0.348,0.3,92.1,5.1,29.7,8.1,54.1,28.2,51.8
"Laweryson, Cody",689520,2026,30.8,7.7,0.143,0.238,0.269,0.246,0.301,89.5,15.5,35.7,0.0,42.9,17.5,42.1
"Loáisiga, Jonathan",642528,2026,19.0,2.4,0.308,0.436,0.333,0.341,0.295,90.5,9.2,21.9,3.1,43.8,26.3,46.9
"Legumina, Casey",668984,2026,19.1,4.3,0.3,0.45,0.37,0.366,0.34,92.7,18.1,42.4,12.1,51.5,22.6,45.7
"Morán, Jovani",663558,2026,29.4,11.8,0.111,0.244,0.216,0.209,0.22,86.4,13.4,23.3,6.7,26.7,36.8,40.2
"Elder, Bryce",693821,2026,25.3,7.7,0.205,0.277,0.275,0.258,0.245,89.2,8.6,30.0,1.7,31.7,23.3,45.9
"Javier, Cristian",664299,2026,8.3,18.8,0.351,0.541,0.5,0.468,0.407,89.6,24.1,33.3,12.1,36.4,22.0,46.6
"Hall, DL",669084,2026,28.2,15.4,0.188,0.313,0.333,0.309,0.316,87.7,10.8,23.8,9.5,33.3,26.1,40.4
"Horton, Cade",690990,2026,15.4,7.7,0.167,0.292,0.231,0.24,0.284,85.8,4.3,25.0,5.0,35.0,23.3,46.7
"Pivetta, Nick",601713,2026,36.4,9.1,0.2,0.267,0.273,0.253,0.213,86.2,24.1,25.0,2.8,30.6,26.1,48.8
"Imanaga, Shota",684007,2026,37.8,6.1,0.156,0.312,0.207,0.233,0.258,91.9,24.4,39.1,10.9,50.0,33.8,53.4
"Rogers, Tyler",643511,2026,11.4,9.1,0.205,0.205,0.279,0.199,0.224,81.3,-9.1,20.0,0.0,17.1,11.1,55.8
"Griffin, Foster",656492,2026,21.8,8.0,0.241,0.392,0.31,0.318,0.329,90.2,14.8,31.7,11.7,40.0,25.2,45.4
"Klein, Will",694361,2026,25.0,8.3,0.273,0.333,0.333,0.296,0.246,87.8,5.3,33.3,4.2,29.2,19.7,45.2
"Teng, Kai-Wei",678906,2026,24.4,8.9,0.146,0.293,0.222,0.237,0.273,90.8,19.7,23.3,3.3,46.7,20.5,45.6
"Sheehan, Emmet",686218,2026,20.9,9.3,0.26,0.506,0.326,0.364,0.344,87.1,13.9,40.0,8.3,38.3,29.3,46.9
"Mikolas, Miles",571945,2026,13.6,11.1,0.352,0.648,0.42,0.462,0.386,89.3,12.8,31.1,11.5,47.5,18.5,43.1
"Márquez, Germán",608566,2026,19.0,7.6,0.274,0.521,0.329,0.374,0.366,88.7,22.9,34.5,12.1,51.7,23.6,47.4
"Phillips, Tyler",663969,2026,28.3,15.1,0.159,0.205,0.302,0.256,0.33,92.2,12.7,44.8,13.8,48.3,38.8,39.9
"Santillan, Tony",663574,2026,32.4,16.2,0.097,0.097,0.243,0.189,0.263,89.5,14.5,36.8,5.3,42.1,32.8,42.7
"Hudson, Bryan",663542,2026,27.5,15.0,0.276,0.31,0.395,0.323,0.306,90.9,9.7,31.8,0.0,31.8,21.9,41.2
"Lange, Alex",656638,2026,35.0,12.5,0.265,0.471,0.375,0.38,0.329,91.8,11.2,45.0,20.0,50.0,37.0,46.6
"Lee, Dylan",669276,2026,27.3,3.0,0.156,0.281,0.182,0.204,0.219,89.5,26.1,26.1,4.3,43.5,36.8,60.8
"Hill, Tim",657612,2026,10.0,0.0,0.167,0.167,0.167,0.151,0.221,90.2,-9.2,11.1,0.0,51.9,14.8,58.1
"Pérez, Cionel",672335,2026,14.9,10.6,0.286,0.452,0.362,0.366,0.478,94.7,3.1,28.6,17.1,62.9,22.8,42.7
"Dreyer, Jack",676263,2026,31.3,12.5,0.143,0.214,0.25,0.226,0.271,90.1,20.8,33.3,11.1,55.6,26.3,44.2
"Vásquez, Randy",681190,2026,27.8,8.9,0.25,0.388,0.322,0.32,0.364,90.6,13.6,35.7,17.9,50.0,29.6,48.1
"Keller, Brad",641745,2026,25.0,8.3,0.242,0.333,0.306,0.294,0.255,87.1,4.3,8.3,0.0,41.7,26.4,45.9
"Early, Connelly",813349,2026,23.8,11.9,0.211,0.296,0.321,0.292,0.36,92.0,12.7,36.5,13.5,38.5,22.4,42.8
"Yarbrough, Ryan",642232,2026,11.8,8.8,0.241,0.414,0.353,0.339,0.304,87.8,24.4,44.0,4.0,24.0,15.7,42.9
"Webb, Jacob",657097,2026,21.6,13.5,0.375,0.625,0.459,0.476,0.439,91.8,13.1,41.7,8.3,45.8,30.9,42.8
"Irvin, Jake",663623,2026,24.1,12.6,0.23,0.378,0.333,0.326,0.355,89.4,19.0,31.5,14.8,48.1,24.8,44.4
"Garcia, Robert",676395,2026,17.6,20.6,0.185,0.222,0.353,0.291,0.335,88.8,9.2,23.8,0.0,33.3,30.6,40.5
"Roa, Christian",685005,2026,14.0,16.3,0.313,0.5,0.465,0.432,0.419,91.8,23.8,44.4,7.4,63.0,24.7,45.5
"Armstrong, Shawn",542888,2026,29.3,17.1,0.242,0.485,0.39,0.394,0.373,93.7,26.4,38.1,14.3,57.1,27.0,41.6
"Franco, Jose",683742,2026,14.8,18.5,0.318,0.364,0.444,0.381,0.311,83.2,12.2,22.2,0.0,27.8,9.6,47.7
"Santana, Dennis",642701,2026,16.7,11.9,0.111,0.139,0.238,0.198,0.323,84.5,16.7,41.4,3.4,27.6,25.3,44.4
"Burrows, Mike",681347,2026,17.5,6.8,0.347,0.558,0.398,0.423,0.33,87.7,15.3,36.4,6.5,36.4,26.3,51.2
"Bowlan, Jonathan",680742,2026,27.6,3.4,0.286,0.321,0.31,0.288,0.205,86.5,17.5,25.0,0.0,30.0,31.6,47.1
"Kelly, Zack",677161,2026,12.0,4.0,0.227,0.409,0.24,0.273,0.435,86.0,5.8,33.3,19.0,38.1,18.6,44.3
"Wells, Tyler",669330,2026,22.4,8.2,0.286,0.548,0.354,0.391,0.359,90.1,28.4,45.5,9.1,33.3,30.0,46.9
"Gage, Matt",657424,2026,20.0,11.4,0.161,0.29,0.257,0.256,0.325,86.8,15.1,25.0,8.3,25.0,27.0,43.2
"Barco, Hunter",682995,2026,13.5,18.9,0.276,0.621,0.432,0.458,0.409,89.2,15.1,33.3,8.3,41.7,13.2,35.8
"Bido, Osvaldo",674370,2026,14.6,12.2,0.206,0.382,0.341,0.335,0.344,90.7,20.1,28.6,10.7,50.0,21.7,44.5
"Holmes, Grant",656550,2026,19.3,11.4,0.182,0.286,0.273,0.261,0.286,88.2,13.9,29.5,4.9,36.1,31.8,46.4
"Morgan, Eli",669212,2026,22.6,16.1,0.154,0.269,0.29,0.27,0.328,90.6,19.3,31.6,0.0,47.4,27.1,41.4
"Bibee, Tanner",676440,2026,21.5,8.4,0.286,0.449,0.346,0.356,0.346,93.3,12.2,29.3,9.3,56.0,28.7,47.2
"Miller, Erik",669062,2026,37.5,12.5,0.25,0.357,0.344,0.323,0.242,86.9,5.2,37.5,6.3,31.3,37.5,40.8
"Pérez, Eury",691587,2026,22.0,12.1,0.26,0.481,0.363,0.375,0.354,89.1,21.7,34.5,17.2,44.8,30.9,51.1
"Bernardino, Brennan",657514,2026,21.6,8.1,0.212,0.303,0.297,0.269,0.295,81.9,8.4,32.0,4.0,16.0,25.9,54.7
"Misiorowski, Jacob",694819,2026,37.5,10.2,0.169,0.338,0.273,0.282,0.269,87.0,14.1,38.6,6.8,38.6,39.1,46.3
"Soriano, George",666277,2026,17.9,15.4,0.129,0.258,0.282,0.25,0.331,88.8,12.1,20.0,8.0,28.0,26.1,48.6
"Williams, Gavin",668909,2026,34.8,14.8,0.133,0.286,0.261,0.259,0.3,92.5,5.7,27.6,13.8,48.3,32.2,45.6
"Detmers, Reid",672282,2026,27.7,6.4,0.212,0.329,0.277,0.276,0.257,88.6,19.8,25.0,6.7,38.3,30.2,51.0
"Weaver, Luke",596133,2026,12.5,9.4,0.222,0.444,0.29,0.319,0.395,89.2,14.4,32.0,16.0,32.0,24.6,45.2
"McCullers Jr., Lance",621121,2026,24.4,10.5,0.24,0.387,0.337,0.332,0.332,90.5,12.9,37.0,9.3,50.0,25.8,44.9
"Whitlock, Garrett",676477,2026,35.3,14.7,0.172,0.31,0.294,0.284,0.337,87.7,9.6,29.4,11.8,29.4,26.5,46.3
"Lynch IV, Daniel",663738,2026,33.3,10.0,0.077,0.115,0.2,0.169,0.22,83.9,1.6,31.3,0.0,37.5,40.4,47.7
"Avila, Luinder",679883,2026,18.2,12.1,0.483,0.793,0.545,0.577,0.428,90.9,6.3,39.1,13.0,47.8,20.8,39.3
"Scott, Tanner",656945,2026,26.7,0.0,0.167,0.267,0.167,0.191,0.261,89.4,19.7,31.8,4.5,36.4,31.5,52.4
"Parker, Mitchell",680730,2026,30.4,0.0,0.304,0.435,0.304,0.328,0.255,89.4,14.0,43.8,6.3,50.0,33.9,56.6
"Ashcraft, Braxton",677952,2026,29.7,7.7,0.21,0.272,0.278,0.256,0.227,89.8,12.8,28.6,3.6,33.9,30.1,48.7
"Newcomb, Sean",656794,2026,21.3,8.2,0.273,0.382,0.333,0.317,0.277,84.1,3.2,34.9,2.3,30.2,20.8,48.2
"Bird, Jake",656234,2026,28.1,3.1,0.31,0.483,0.344,0.362,0.313,93.6,10.3,23.8,14.3,42.9,35.4,40.3
"Seabold, Connor",657756,2026,25.7,8.6,0.226,0.419,0.286,0.311,0.247,88.3,21.0,34.8,8.7,26.1,23.4,52.7
"Rodriguez, Bradgley",699134,2026,23.3,4.7,0.25,0.25,0.279,0.244,0.208,87.5,6.7,16.1,0.0,32.3,29.9,51.5
"Gallen, Zac",668678,2026,12.7,6.4,0.307,0.446,0.349,0.354,0.361,92.2,13.7,37.1,10.1,47.2,16.2,47.3
"Mize, Casey",663554,2026,26.6,7.4,0.238,0.393,0.298,0.308,0.304,88.5,17.3,32.8,9.8,45.9,27.5,47.6
"Suárez, Albert",544150,2026,11.1,5.6,0.235,0.529,0.278,0.352,0.397,91.2,26.5,53.3,13.3,43.3,20.9,50.4
"Hoffman, Jeff",656546,2026,41.7,12.5,0.31,0.476,0.396,0.379,0.261,90.8,8.2,18.2,9.1,31.8,43.6,51.6
"De Los Santos, Enyel",660853,2026,24.0,4.0,0.167,0.375,0.2,0.252,0.188,89.2,19.1,33.3,0.0,33.3,24.0,54.3
"Bachar, Lake",669199,2026,33.3,13.3,0.135,0.162,0.25,0.209,0.232,86.6,9.9,26.1,4.3,30.4,40.4,46.1
"Bellozo, Valente",678368,2026,16.7,14.6,0.256,0.641,0.383,0.43,0.476,91.3,20.0,43.8,15.6,50.0,29.5,45.9
"Lauer, Eric",641778,2026,20.3,12.7,0.235,0.471,0.333,0.358,0.336,89.1,23.0,34.6,9.6,32.7,22.4,46.8
"May, Dustin",669160,2026,17.9,4.8,0.351,0.545,0.393,0.412,0.329,88.9,14.0,38.1,6.3,46.0,13.1,44.8
"Valdez, Framber",664285,2026,12.5,6.7,0.25,0.302,0.308,0.283,0.283,87.6,5.3,26.5,2.4,37.3,15.3,50.9
"Fedde, Erick",607200,2026,17.9,8.3,0.216,0.365,0.298,0.302,0.303,89.9,16.8,35.0,10.0,41.7,19.3,44.5
"Manaea, Sean",640455,2026,17.1,10.0,0.258,0.435,0.329,0.34,0.355,89.6,20.7,33.3,11.8,41.2,19.5,46.5
"Morales, Luis",806960,2026,11.9,19.0,0.394,0.818,0.524,0.566,0.478,90.8,22.4,46.4,14.3,46.4,16.9,39.9
"Díaz, Edwin",621242,2026,34.5,13.8,0.25,0.375,0.379,0.34,0.281,89.7,16.4,35.7,7.1,42.9,22.2,45.4
"Sale, Chris",519242,2026,25.2,6.1,0.21,0.371,0.278,0.295,0.284,87.6,13.3,28.9,7.9,30.3,24.7,49.5
"Bigge, Hunter",685801,2026,8.0,20.0,0.05,0.2,0.24,0.206,0.341,87.0,19.5,55.6,11.1,33.3,28.9,40.4
"Sasaki, Roki",808963,2026,23.8,15.9,0.269,0.5,0.387,0.396,0.362,86.9,17.1,31.6,10.5,36.8,32.2,45.0
"France, J.P.",641585,2026,12.9,16.1,0.24,0.4,0.387,0.365,0.422,89.9,17.4,23.8,14.3,42.9,15.1,45.3
"Cecconi, Slade",677944,2026,20.5,11.4,0.227,0.373,0.341,0.331,0.354,86.6,12.0,29.8,10.5,35.1,23.1,45.7
"Sabrowski, Erik",681870,2026,39.5,10.5,0.152,0.303,0.237,0.246,0.234,93.0,27.6,42.1,10.5,36.8,36.8,46.1
"Alcantara, Sandy",645261,2026,16.4,8.6,0.197,0.315,0.271,0.271,0.271,89.1,16.4,19.2,4.8,37.5,26.5,47.8
"Sims, Lucas",608371,2026,19.4,13.9,0.259,0.333,0.382,0.336,0.316,84.9,10.4,30.4,4.3,34.8,16.1,42.7
"Lord, Brad",695418,2026,17.9,6.0,0.246,0.426,0.313,0.327,0.342,89.8,2.2,22.4,8.2,49.0,23.0,50.4
"Stanek, Ryne",592773,2026,26.7,15.6,0.351,0.514,0.455,0.435,0.349,95.1,14.4,32.0,12.0,60.0,37.1,51.0
"Kelly, Kevin",687330,2026,24.3,10.8,0.156,0.281,0.27,0.25,0.341,95.1,1.3,34.8,13.0,65.2,28.6,42.3
"García, Luis",472610,2026,12.5,6.3,0.367,0.567,0.406,0.428,0.381,87.5,10.4,46.2,3.8,46.2,26.2,56.5
"Seymour, Ian",693855,2026,29.3,4.9,0.324,0.459,0.366,0.365,0.313,92.4,16.9,46.2,15.4,46.2,32.9,48.8
"Petersen, Michael",656848,2026,21.2,12.1,0.172,0.276,0.273,0.26,0.327,90.4,24.5,27.3,13.6,31.8,22.0,47.6
"Mantiply, Joe",573009,2026,34.5,6.9,0.25,0.458,0.333,0.355,0.324,90.3,-8.9,18.8,12.5,43.8,20.0,48.5
"Skubal, Tarik",669373,2026,28.0,5.1,0.209,0.309,0.254,0.255,0.294,88.9,10.3,39.7,6.4,41.0,30.3,50.1
"Perkins, Jack",678022,2026,28.6,8.6,0.3,0.367,0.4,0.359,0.325,85.6,12.2,35.0,0.0,35.0,35.7,54.7
"Gilbert, Logan",669302,2026,27.8,4.3,0.266,0.459,0.304,0.337,0.282,91.1,18.7,37.7,9.1,45.5,30.1,47.5
"Leasure, Jordan",673929,2026,19.6,10.9,0.195,0.439,0.283,0.321,0.418,91.0,25.9,37.5,25.0,43.8,23.9,51.1
"Matz, Steven",571927,2026,24.7,7.1,0.208,0.338,0.271,0.276,0.334,88.7,17.9,43.9,10.5,42.1,27.7,46.8
"Burns, Chase",695505,2026,25.0,10.2,0.19,0.316,0.273,0.273,0.314,87.3,22.0,22.8,10.5,40.4,32.3,48.5
"Weathers, Ryan",677960,2026,31.1,7.8,0.268,0.463,0.326,0.35,0.375,88.7,13.7,45.5,14.5,43.6,26.1,45.8
"Junk, Janson",676083,2026,16.1,6.5,0.271,0.412,0.326,0.332,0.302,91.1,11.5,27.1,4.3,42.9,20.6,48.9
"Taillon, Jameson",592791,2026,22.1,9.5,0.235,0.494,0.316,0.354,0.334,88.2,23.0,29.7,12.5,32.8,29.2,43.5
"Palencia, Daniel",694037,2026,26.3,10.5,0.176,0.235,0.263,0.238,0.311,84.6,13.7,58.3,8.3,41.7,41.0,54.9
"Cavalli, Cade",676917,2026,19.4,12.9,0.282,0.346,0.398,0.351,0.338,87.0,9.6,41.7,5.0,30.0,22.8,40.2
"Brown, Hunter",686613,2026,39.5,14.0,0.135,0.162,0.256,0.214,0.216,85.6,11.2,30.0,0.0,30.0,26.0,40.6
"Abbott, Andrew",671096,2026,13.2,9.6,0.314,0.422,0.377,0.361,0.348,88.3,11.9,29.5,6.8,35.2,20.5,44.2
"Flaherty, Jack",656427,2026,23.9,15.9,0.2,0.3,0.356,0.317,0.344,90.6,21.5,32.0,8.0,46.0,24.4,37.4
"Chandler, Bubba",696149,2026,20.0,15.3,0.183,0.31,0.306,0.289,0.338,88.9,13.8,30.9,7.3,40.0,25.6,47.5
"Beeter, Clayton",690925,2026,16.7,19.0,0.125,0.313,0.31,0.276,0.354,91.2,0.7,19.2,11.5,53.8,18.8,42.6
"Lawrence, Justin",664875,2026,27.1,10.4,0.268,0.561,0.375,0.412,0.417,91.7,8.4,46.4,17.9,50.0,29.6,45.0
"Morgan, David",688158,2026,22.0,18.0,0.211,0.342,0.388,0.342,0.299,83.7,8.6,42.9,0.0,21.4,27.2,48.2
"Harrison, Kyle",690986,2026,25.0,6.7,0.222,0.37,0.3,0.306,0.307,89.4,16.2,35.9,5.1,30.8,23.8,51.4
"Suarez, Ranger",624133,2026,17.4,7.0,0.225,0.313,0.279,0.272,0.334,87.6,9.0,40.0,9.2,38.5,15.6,44.8
"Domínguez, Seranthony",622554,2026,25.0,19.4,0.214,0.429,0.389,0.367,0.387,89.6,24.2,36.8,10.5,36.8,26.6,41.0
"Castillo, Luis",622491,2026,19.3,8.0,0.329,0.443,0.391,0.377,0.37,92.5,14.3,38.1,11.1,44.4,24.7,51.6
"Iglesias, Raisel",628452,2026,38.5,0.0,0.154,0.192,0.154,0.154,0.137,86.4,23.9,12.5,0.0,31.3,41.3,63.6
"Senzatela, Antonio",622608,2026,34.9,7.0,0.1,0.1,0.163,0.134,0.183,88.1,9.9,24.0,0.0,40.0,24.7,47.9
"Williams, Devin",642207,2026,30.8,11.5,0.348,0.522,0.423,0.422,0.325,87.9,21.8,33.3,13.3,26.7,33.3,48.6
"Anderson, Grant",681982,2026,21.4,14.3,0.167,0.306,0.286,0.265,0.282,88.2,11.9,37.0,7.4,51.9,25.3,48.2
"Rea, Colin",607067,2026,21.7,4.3,0.222,0.333,0.265,0.27,0.305,91.3,6.4,26.0,6.0,40.0,22.3,49.1
"Banda, Anthony",607455,2026,18.6,4.7,0.333,0.556,0.429,0.438,0.342,90.5,2.2,27.6,6.9,34.5,22.4,41.9
"De Jesus, Enmanuel",646241,2026,23.5,11.8,0.31,0.345,0.394,0.345,0.287,89.1,18.2,31.8,4.5,27.3,19.0,45.0
"Banks, Tanner",621383,2026,25.6,10.3,0.286,0.4,0.359,0.346,0.312,84.5,19.6,56.0,4.0,20.0,23.5,52.8
"Tidwell, Blade",694918,2026,21.4,3.6,0.192,0.346,0.25,0.27,0.318,89.5,19.5,30.0,10.0,50.0,34.6,47.3
"Marinaccio, Ron",676760,2026,23.8,4.8,0.225,0.425,0.262,0.304,0.292,87.0,16.6,26.7,6.7,26.7,31.0,46.8
"Littell, Zack",641793,2026,15.7,6.7,0.325,0.614,0.371,0.43,0.415,94.0,13.0,36.2,14.5,52.2,16.3,50.2
"Abel, Mick",690953,2026,24.7,10.8,0.275,0.35,0.376,0.336,0.351,87.7,14.6,42.1,5.3,40.4,28.8,49.6
"Henriquez, Edgardo",683618,2026,24.0,12.0,0.238,0.286,0.36,0.312,0.271,81.1,16.4,13.3,0.0,6.7,22.2,45.0
"Smith, Shane",681343,2026,22.4,18.4,0.316,0.5,0.458,0.432,0.335,82.2,14.2,29.6,0.0,33.3,26.0,42.7
"Luzardo, Jesús",666200,2026,30.6,5.1,0.301,0.452,0.337,0.352,0.304,86.5,5.7,38.1,6.3,31.7,33.9,46.3
"Bednar, David",670280,2026,28.6,11.9,0.306,0.361,0.381,0.332,0.276,88.1,4.9,24.0,0.0,36.0,25.0,51.9
"Zeferjahn, Ryan",666171,2026,28.3,10.9,0.225,0.3,0.326,0.296,0.258,87.2,12.1,22.2,3.7,33.3,31.8,42.7
"Bolton, Cody",675989,2026,28.2,17.9,0.233,0.333,0.395,0.349,0.325,91.0,14.3,40.0,5.0,40.0,23.0,39.4
"Herget, Jimmy",623474,2026,18.4,5.3,0.188,0.25,0.243,0.226,0.338,90.3,23.5,21.4,10.7,35.7,25.0,51.0
"Walker, Taijuan",592836,2026,17.0,10.6,0.341,0.61,0.415,0.447,0.408,86.2,10.4,37.3,10.4,34.3,17.3,45.0
"Patrick, Chad",694477,2026,12.0,9.3,0.224,0.328,0.293,0.284,0.281,90.7,22.0,27.1,6.8,40.7,24.3,46.7
"Soto, Gregory",642397,2026,36.4,13.6,0.054,0.135,0.205,0.182,0.22,81.1,11.6,14.3,4.8,19.0,32.9,38.9
"Martin, Riley",702303,2026,27.8,0.0,0.176,0.176,0.176,0.16,0.151,89.8,20.7,15.4,0.0,46.2,21.9,53.3
"McGreevy, Michael",700241,2026,14.6,3.7,0.19,0.342,0.22,0.25,0.415,89.3,13.8,37.3,14.9,38.8,13.8,43.6
"Hart, Kyle",606996,2026,14.6,10.4,0.195,0.293,0.292,0.273,0.303,85.8,5.3,28.6,2.9,28.6,15.7,40.2
"Graceffo, Gordon",700669,2026,15.8,15.8,0.065,0.065,0.237,0.18,0.364,94.2,7.8,32.0,8.0,52.0,15.7,37.0
"Medina, Luis",665622,2026,25.7,14.3,0.2,0.333,0.314,0.29,0.365,90.6,6.7,33.3,19.0,42.9,31.3,45.3
"Fairbanks, Pete",664126,2026,29.6,3.7,0.28,0.44,0.333,0.348,0.284,92.2,40.1,35.3,17.6,41.2,27.5,50.5
"Paddack, Chris",663978,2026,20.7,5.7,0.287,0.463,0.337,0.357,0.316,90.4,13.9,31.7,7.9,46.0,25.4,48.7
"Holmes, Clay",605280,2026,17.2,9.7,0.193,0.301,0.28,0.271,0.319,87.9,0.7,26.9,6.0,43.3,25.3,47.6
"Faucher, Calvin",676534,2026,31.4,22.9,0.185,0.259,0.371,0.314,0.35,92.7,9.9,37.5,12.5,56.3,28.0,33.8
"Gordon, Colton",676467,2026,32.3,3.2,0.414,0.897,0.452,0.576,0.374,89.5,7.4,36.8,15.8,57.9,20.9,50.8
"Meyer, Max",676974,2026,22.7,10.2,0.215,0.367,0.295,0.301,0.36,89.4,14.5,35.6,10.2,42.4,28.2,50.1
"Schlittler, Cam",693645,2026,34.3,2.9,0.178,0.238,0.202,0.199,0.243,87.2,9.9,36.4,6.1,40.9,32.4,58.2
"Winn, Cole",668390,2026,24.4,12.2,0.2,0.4,0.293,0.309,0.292,87.0,18.1,30.8,3.8,34.6,31.2,48.4
"Roupp, Landen",694738,2026,26.7,7.8,0.185,0.235,0.267,0.24,0.259,85.4,8.1,38.6,0.0,26.3,23.8,44.1
"Lorenzen, Michael",547179,2026,14.0,5.4,0.381,0.619,0.43,0.459,0.381,90.6,7.1,33.3,6.9,54.2,23.2,46.6
"Smith, Cade",671922,2026,29.2,6.3,0.25,0.432,0.292,0.309,0.294,91.9,15.2,41.9,9.7,45.2,28.9,50.9
"Varland, Louis",686973,2026,39.0,7.3,0.216,0.243,0.268,0.239,0.213,86.8,3.8,22.7,0.0,31.8,32.1,44.5
"King, John",667463,2026,26.5,11.8,0.074,0.185,0.235,0.201,0.247,88.4,8.1,26.3,5.3,31.6,35.3,44.0
"Megill, Trevor",656730,2026,25.0,11.1,0.31,0.414,0.412,0.38,0.389,94.3,14.5,45.5,13.6,54.5,33.3,47.7
"Senga, Kodai",673540,2026,26.8,12.2,0.319,0.542,0.402,0.418,0.316,89.4,19.9,42.0,10.0,42.0,30.6,45.4
"Brazobán, Huascar",623211,2026,20.0,0.0,0.229,0.257,0.229,0.218,0.268,87.0,0.5,28.6,0.0,35.7,20.8,54.5
"Nunez, Anthony",689296,2026,34.3,2.9,0.147,0.353,0.171,0.229,0.236,83.4,3.4,27.3,13.6,31.8,38.8,54.5
"Erceg, Lucas",668674,2026,16.7,10.0,0.296,0.407,0.367,0.351,0.344,91.4,8.5,27.3,9.1,45.5,13.8,47.9
"Wacha, Michael",608379,2026,23.5,8.2,0.146,0.258,0.224,0.226,0.298,90.4,18.9,27.3,7.6,47.0,29.1,47.7
"Montero, Keider",672456,2026,23.8,3.2,0.2,0.3,0.222,0.231,0.221,89.9,21.7,28.3,2.2,43.5,19.4,47.8
"Mlodzinski, Carmen",669387,2026,23.0,9.2,0.247,0.286,0.322,0.285,0.284,91.1,12.4,24.1,1.7,51.7,19.6,43.2
"Duran, Jhoan",661395,2026,33.3,0.0,0.208,0.25,0.208,0.205,0.237,89.9,-1.5,25.0,6.3,50.0,36.5,54.2
"Soriano, José",667755,2026,32.5,10.8,0.104,0.142,0.202,0.17,0.266,87.0,4.0,27.9,10.3,30.9,33.0,43.9
"Gómez, Yoendrys",672782,2026,15.9,12.7,0.278,0.574,0.371,0.404,0.432,88.4,27.7,37.8,15.6,37.8,20.0,45.9
"Fisher, Braydon",680755,2026,32.4,2.7,0.2,0.343,0.243,0.264,0.323,91.7,8.6,43.5,13.0,52.2,32.4,44.4
"Romano, Jordan",605447,2026,33.3,16.7,0.24,0.48,0.367,0.378,0.311,88.7,20.5,46.7,13.3,46.7,42.3,38.2
"Glasnow, Tyler",607192,2026,30.5,6.3,0.17,0.318,0.221,0.241,0.26,91.1,14.8,30.0,6.7,38.3,28.2,44.4
"McClanahan, Shane",663556,2026,22.0,18.6,0.106,0.17,0.276,0.234,0.337,89.8,10.7,35.3,11.8,47.1,25.0,39.8
"Chapman, Aroldis",547973,2026,25.9,11.1,0.174,0.261,0.296,0.269,0.354,92.5,24.8,37.5,12.5,50.0,39.1,45.1
"Topa, Justin",623437,2026,13.3,8.9,0.3,0.4,0.356,0.34,0.329,89.5,9.1,31.4,8.6,40.0,8.7,41.3
"Peralta, Wandy",593974,2026,22.7,6.8,0.293,0.439,0.341,0.349,0.294,88.3,11.2,45.2,3.2,35.5,25.5,52.8
"Helsley, Ryan",664854,2026,32.4,13.5,0.219,0.281,0.324,0.277,0.273,90.8,2.6,20.0,5.0,55.0,37.9,45.2
"Rasmussen, Drew",656876,2026,27.0,4.1,0.141,0.324,0.176,0.221,0.269,88.4,10.6,25.5,11.8,39.2,22.6,44.0
"Messick, Parker",800048,2026,26.9,7.5,0.151,0.221,0.215,0.205,0.265,86.3,14.5,26.2,3.3,29.5,24.6,50.4
"Arrighetti, Spencer",681293,2026,37.0,14.8,0.143,0.238,0.333,0.289,0.327,84.5,14.8,27.3,9.1,27.3,45.5,44.0
"Phillips, Connor",683175,2026,24.5,20.8,0.146,0.293,0.34,0.308,0.352,87.7,24.5,35.7,10.7,35.7,34.1,40.1
"Wilcox, Cole",677961,2026,25.6,10.3,0.313,0.469,0.41,0.394,0.419,95.3,13.1,43.5,17.4,60.9,34.8,47.6
"Wolfram, Grant",664991,2026,39.5,2.6,0.257,0.4,0.316,0.312,0.233,87.1,4.7,50.0,5.0,40.0,31.3,48.2
"Lowder, Rhett",695076,2026,16.0,7.4,0.218,0.322,0.277,0.273,0.331,90.7,16.5,37.5,8.3,38.9,20.6,43.9
"Suarez, Robert",663158,2026,30.3,3.0,0.219,0.219,0.242,0.214,0.26,89.1,12.5,36.4,0.0,36.4,28.8,51.6
"Brubaker, JT",664141,2026,17.8,17.8,0.27,0.405,0.4,0.372,0.401,86.1,14.0,44.8,3.4,31.0,30.3,44.2
"Springs, Jeffrey",605488,2026,22.0,8.8,0.134,0.171,0.209,0.185,0.253,84.4,12.6,28.6,4.8,25.4,25.5,41.5
"Morillo, Juan",666661,2026,24.4,9.8,0.162,0.243,0.244,0.231,0.231,83.9,10.5,25.9,3.7,25.9,32.1,47.9
"Vesia, Alex",681911,2026,33.3,10.0,0.074,0.074,0.167,0.132,0.234,84.3,21.2,23.5,5.9,29.4,38.1,50.8
"Silseth, Chase",681217,2026,26.5,17.6,0.185,0.333,0.324,0.305,0.319,87.0,16.9,42.1,10.5,26.3,37.5,48.3
"Clarke, Taylor",664199,2026,16.2,0.0,0.194,0.306,0.216,0.235,0.296,83.5,-0.1,23.3,10.0,33.3,19.7,46.8
"Barlow, Scott",605130,2026,18.4,15.8,0.194,0.419,0.316,0.318,0.335,88.0,24.7,40.0,4.0,32.0,36.1,44.2
"Rogers, Taylor",573124,2026,21.2,9.1,0.3,0.367,0.364,0.335,0.33,90.2,21.2,56.5,4.3,34.8,19.7,45.9
"Woods Richardson, Simeon",680573,2026,12.0,7.6,0.31,0.536,0.363,0.396,0.343,90.0,18.2,31.1,9.5,43.2,14.6,43.5
"Lopez, Jacob",682052,2026,17.8,18.9,0.264,0.431,0.4,0.379,0.319,86.1,21.4,29.8,5.3,29.8,24.2,42.0
"Murphy, Chris",669684,2026,18.8,15.6,0.333,0.556,0.438,0.438,0.321,87.8,13.6,28.6,9.5,38.1,31.4,46.8
"Corbin, Patrick",571578,2026,22.0,4.9,0.286,0.514,0.35,0.379,0.426,90.8,17.0,53.6,17.9,42.9,25.0,46.3
"Boyle, Joe",671212,2026,24.2,9.1,0.19,0.328,0.262,0.263,0.329,87.3,19.4,43.2,4.5,43.2,26.4,46.0
"McLean, Nolan",690997,2026,31.5,9.0,0.125,0.212,0.213,0.205,0.23,86.1,10.4,32.7,5.8,30.8,26.7,40.3
"Leiter, Jack",683004,2026,26.7,10.0,0.263,0.4,0.344,0.34,0.366,91.3,11.9,42.9,16.1,50.0,31.0,46.4
"Pallante, Andre",669467,2026,13.2,12.1,0.231,0.359,0.341,0.325,0.367,89.5,3.7,30.3,9.1,43.9,22.4,43.6
"Kirby, George",669923,2026,20.9,6.2,0.225,0.342,0.279,0.283,0.274,91.3,8.5,20.4,5.4,47.3,19.8,52.4
"Holton, Tyler",663947,2026,18.9,10.8,0.156,0.25,0.27,0.252,0.367,92.8,10.3,36.0,8.0,56.0,20.9,44.4
"Assad, Javier",665871,2026,13.3,8.9,0.3,0.475,0.356,0.367,0.343,87.2,11.8,31.4,5.7,37.1,13.7,45.1
"Estrada, Jeremiah",669093,2026,26.7,16.7,0.208,0.292,0.345,0.305,0.388,84.5,15.0,58.8,17.6,47.1,33.3,43.6
"Uribe, Abner",682842,2026,24.3,8.1,0.235,0.265,0.297,0.264,0.28,87.7,13.8,40.0,4.0,36.0,21.8,36.7
"Brogdon, Connor",641401,2026,22.9,5.7,0.226,0.452,0.273,0.32,0.36,92.5,25.2,28.0,16.0,44.0,28.4,51.1
"Muñoz, Andrés",662253,2026,32.4,14.7,0.286,0.464,0.382,0.376,0.344,84.6,11.6,27.8,11.1,38.9,44.1,45.9
"Freeland, Kyle",607536,2026,19.4,6.0,0.22,0.305,0.313,0.292,0.314,89.0,10.4,28.3,2.2,41.3,26.6,49.6
"Coulombe, Danny",543056,2026,10.0,10.0,0.222,0.389,0.3,0.312,0.288,85.6,7.3,25.0,6.3,25.0,11.6,46.2
"Eovaldi, Nathan",543135,2026,23.8,6.6,0.295,0.464,0.344,0.36,0.322,91.1,10.1,34.5,7.1,46.4,30.7,52.5
"López, Reynaldo",625643,2026,22.6,9.5,0.203,0.378,0.286,0.3,0.31,86.5,15.6,33.9,5.4,35.7,21.1,44.3
"Vodnik, Victor",680767,2026,12.5,10.0,0.294,0.412,0.375,0.356,0.308,90.2,13.5,23.3,3.3,33.3,22.4,49.3
"Raley, Brooks",548384,2026,31.0,10.3,0.16,0.28,0.25,0.231,0.365,90.8,16.9,47.1,17.6,35.3,23.9,41.1
"Urquidy, José",664353,2026,16.7,5.6,0.441,0.647,0.472,0.494,0.314,89.2,12.1,25.0,7.1,42.9,27.4,55.7
"Ramírez, Yohan",670990,2026,24.6,13.8,0.182,0.309,0.308,0.264,0.284,84.7,13.6,25.6,5.1,30.8,29.2,45.9
"Waldichuk, Ken",686610,2026,20.0,12.5,0.235,0.588,0.35,0.409,0.399,89.3,18.0,26.9,19.2,38.5,27.4,41.6
"Curvelo, Luis",681168,2026,14.3,4.8,0.3,0.65,0.333,0.411,0.328,91.3,25.7,41.2,11.8,47.1,26.3,56.7
"Boyd, Matthew",571510,2026,45.9,8.1,0.235,0.353,0.297,0.297,0.333,94.6,20.3,52.9,17.6,58.8,45.5,54.7
"Painter, Andrew",691725,2026,26.2,4.9,0.291,0.382,0.317,0.309,0.239,86.5,15.0,31.0,2.4,26.2,22.1,48.0
"King, Bryan",687911,2026,32.4,8.8,0.233,0.233,0.324,0.271,0.239,86.2,11.8,26.3,0.0,26.3,25.7,50.0
"Speier, Gabe",642100,2026,21.9,9.4,0.24,0.32,0.323,0.279,0.316,83.5,13.5,28.6,9.5,23.8,27.6,52.3
"Okert, Steven",595345,2026,21.6,13.5,0.129,0.29,0.243,0.246,0.294,83.4,32.0,20.8,8.3,12.5,28.4,51.0
"Lugo, Seth",607625,2026,22.8,6.5,0.212,0.282,0.261,0.249,0.309,90.6,14.7,40.0,7.7,38.5,21.3,48.9
"Hurter, Brant",676428,2026,15.4,11.5,0.217,0.348,0.308,0.303,0.394,87.8,5.1,31.6,10.5,31.6,15.2,37.5
"Hicks, Jordan",663855,2026,11.8,17.6,0.3,0.375,0.412,0.347,0.295,91.6,12.3,19.4,0.0,33.3,14.3,46.2
"Pomeranz, Drew",519141,2026,15.2,9.1,0.214,0.393,0.313,0.295,0.357,88.7,30.8,41.7,8.3,29.2,19.6,54.9
"Ray, Robbie",592662,2026,27.3,11.4,0.167,0.359,0.261,0.282,0.334,88.1,22.2,40.7,14.8,33.3,30.1,47.2
"Alvarado, Elvis",665660,2026,20.5,15.9,0.297,0.514,0.409,0.411,0.413,91.3,15.2,39.3,25.0,50.0,34.8,50.5
"Peralta, Freddy",642547,2026,25.0,8.9,0.192,0.333,0.279,0.283,0.311,88.7,13.6,36.1,6.9,41.7,30.2,45.5
"Morejon, Adrian",670970,2026,20.4,4.1,0.319,0.34,0.347,0.315,0.297,83.5,-5.1,37.8,0.0,27.0,34.4,48.9
"Ohtani, Shohei",660271,2026,26.1,8.7,0.113,0.194,0.203,0.192,0.244,86.2,14.6,20.5,4.5,38.6,30.1,48.9
"Suter, Brent",608718,2026,25.0,11.7,0.245,0.453,0.333,0.345,0.299,85.5,9.8,28.9,10.5,31.6,28.4,45.8
"Doval, Camilo",666808,2026,21.6,2.7,0.257,0.486,0.27,0.325,0.274,90.6,9.3,17.9,3.6,50.0,29.4,47.9
"O'Brien, Riley",676617,2026,32.4,0.0,0.111,0.139,0.135,0.129,0.165,81.6,-10.4,4.2,0.0,25.0,30.4,48.6
"Agnos, Zach",688642,2026,21.7,10.0,0.302,0.415,0.367,0.346,0.33,84.2,9.2,46.3,7.3,29.3,30.8,51.9
"Bazardo, Eduard",660825,2026,21.1,13.2,0.188,0.25,0.289,0.257,0.234,88.9,29.3,36.0,0.0,36.0,16.9,37.8
"Montgomery, Mason",682254,2026,43.2,11.4,0.282,0.41,0.364,0.352,0.303,89.2,13.8,30.0,15.0,45.0,35.4,51.6
"Weiss, Ryan",680802,2026,25.0,13.9,0.323,0.565,0.417,0.433,0.372,92.3,20.0,38.6,11.4,54.5,23.5,46.1
"Cantillo, Joey",676282,2026,29.6,11.1,0.222,0.375,0.309,0.311,0.285,88.9,13.5,29.2,10.4,35.4,27.2,42.9
"Alvarado, José",621237,2026,25.7,8.6,0.333,0.367,0.412,0.363,0.297,83.9,10.4,40.9,0.0,18.2,31.0,47.3
"Woodford, Jake",663765,2026,12.5,5.0,0.342,0.421,0.375,0.361,0.405,91.1,11.6,45.5,9.1,51.5,20.0,49.6
"Ginn, J.T.",669372,2026,17.5,11.1,0.164,0.291,0.254,0.253,0.282,85.2,7.8,15.6,4.4,28.9,23.9,45.2
"Martin, Davis",663436,2026,20.2,6.4,0.218,0.368,0.277,0.291,0.344,92.5,16.6,39.7,8.8,52.9,22.2,48.0
"Winn, Keaton",676775,2026,35.5,6.5,0.138,0.207,0.194,0.188,0.188,85.8,12.1,27.8,5.6,22.2,37.1,50.8
"Henry, Cole",669371,2026,22.9,14.3,0.276,0.448,0.4,0.386,0.334,89.6,28.4,28.6,4.8,38.1,23.8,45.7
"Warren, Will",701542,2026,29.5,5.7,0.224,0.347,0.276,0.283,0.306,90.6,10.1,29.9,7.5,44.8,23.8,43.3
"Gore, MacKenzie",669022,2026,35.3,12.9,0.167,0.264,0.286,0.265,0.281,87.6,8.2,25.6,9.3,41.9,28.8,44.1
"Vest, Will",676684,2026,30.6,11.1,0.219,0.25,0.306,0.266,0.264,87.4,-2.0,23.8,4.8,28.6,37.0,45.9
"Mahle, Tyler",641816,2026,23.9,13.6,0.32,0.6,0.414,0.444,0.408,90.0,3.5,41.8,18.2,36.4,22.8,41.0
"Milner, Hoby",571948,2026,2.9,0.0,0.242,0.333,0.286,0.284,0.374,87.1,14.8,34.4,6.3,31.3,4.1,47.1
